-1256,-1356,-1464,-1500,1432,1108,1748,3568,4164,5588,4008,3952,4184,3492,4852,500,1644,648,852,596,-7852,-7428,-7668,-8748,-10116,-10332,-9568,-9040,-11060,-11848,-10612,-10772,-10432,-10300,-8436,-10232,-7964,-8460,-7676,-7908,13432,13612,13480,14700,15396,10188,7472,9484,11508,10956,10560,10624,11024,10436,9416,12676,13284,13092,14228,13244,-12,-224,-547,-3601,-8032,-2479,-2375,581,739,-271,-386,-137,-177,104,8131,6510,5759,-1619,341,77,257,24,-147,-1441,-9180,-7096,-5345,-3881,1814,917,1251,1068,691,-202,2026,5039,6410,1179,-19,163,-380,-389,-480,-1662,-2662,-1505,35,-844,-1610,-1343,-768,-1068,-495,174,4320,500,-1835,-1170,691,-457,1817,1818,1818,1818,1853,1869,1763,1292,1201,1133,1082,1067,1074,1100,1429,1765,1864,1873,1862,1853,1418,1418,1418,1419,1420,1424,1326,1054,962,914,871,859,865,885,1119,1307,1387,1403,1405,1406,1504,1503,1504,1504,1508,1506,1149,909,851,805,770,750,755,777,971,1243,1487,1506,1506,1503,1526,1526,1527,1527,1530,1531,1240,1012,932,871,825,809,814,843,1027,1187,1495,1536,1538,1536,1582,1582,1582,1582,1584,1585,1572,1548,1538,1503,1460,1429,1420,1441,1545,1567,1578,1580,1576,1575,
-128,-424,840,3036,3172,3828,3448,3772,3692,3276,3076,1440,2300,2572,2052,1824,1752,1580,1676,2380,-7232,-7992,-8536,-8704,-7324,-7908,-8168,-8292,-8480,-8092,-7872,-6856,-8004,-7356,-5932,-5072,-5632,-5388,-5644,-5616,13868,14484,14788,13360,12252,11376,11944,12356,13192,13228,13576,11384,11812,15108,15232,13992,13988,15732,14484,14388,-428,-1252,-3265,-2268,-1607,118,838,1306,-498,-26,239,1013,4664,5047,1448,599,75,-54,-731,-497,-114,-1743,-5267,-6835,-4612,-588,1529,1856,815,1802,485,-3191,6787,2991,105,-384,-334,-639,-1201,-224,-317,-880,-1065,-642,193,-1316,-930,-791,-862,-1207,-720,2669,1631,-290,-508,-113,-205,-668,-323,-389,1831,1831,1827,1813,1555,1303,1229,1188,1134,1103,1101,1162,1618,1813,1853,1863,1865,1863,1860,1858,1405,1405,1405,1401,1251,1032,957,923,898,888,891,935,1260,1364,1386,1395,1398,1399,1400,1400,1487,1487,1486,1426,1138,937,863,810,751,737,750,800,1144,1423,1481,1494,1498,1500,1498,1497,1526,1526,1527,1485,1229,1025,928,873,823,802,804,892,1319,1481,1520,1537,1542,1544,1544,1543,1577,1577,1577,1576,1549,1511,1489,1444,1366,1335,1336,1425,1518,1549,1560,1561,1561,1562,1561,1562,
1192,2004,2308,2064,4240,4608,4832,5496,5068,5492,5108,6088,3812,1896,1168,892,760,924,796,764,-5308,-5772,-5704,-5580,-5884,-7856,-7536,-7408,-7460,-6788,-6772,-7404,-6820,-5740,-4904,-4644,-4636,-4236,-4204,-4384,15408,14336,14468,13936,13236,12388,11880,12400,12936,12772,12632,13984,14464,15172,14908,15096,14556,15140,15164,14852,-1371,-1277,-573,-3647,-4064,-3923,-217,-302,-450,-235,867,4635,6885,2858,192,82,74,282,-275,-506,-1418,-1026,-409,-4312,-5983,-2397,-324,987,605,838,2164,7338,5014,6168,2415,1293,663,1016,-335,1,-378,-344,-512,-1248,-2997,-2341,-2345,-1121,-433,122,1927,1604,1341,-1370,-868,-297,-484,-529,-450,-343,1849,1851,1852,1729,1308,1168,1098,1079,1082,1103,1160,1349,1615,1838,1860,1860,1857,1853,1850,1848,1405,1406,1407,1353,1095,913,858,850,854,868,902,1033,1246,1373,1393,1397,1399,1399,1400,1400,1484,1490,1492,1278,964,833,790,772,769,782,814,899,1212,1487,1510,1514,1515,1512,1509,1507,1529,1532,1532,1354,1066,924,866,849,852,866,907,1031,1336,1513,1543,1550,1551,1550,1548,1548,1566,1566,1567,1566,1563,1540,1478,1439,1428,1437,1488,1542,1560,1568,1571,1571,1571,1572,1572,1572,
-168,-32,456,696,1760,2316,3956,3532,3720,4144,4056,3488,3616,5216,2940,2044,1244,772,844,536,-4488,-4476,-4824,-5084,-5388,-5320,-5996,-6752,-7232,-6724,-7376,-6924,-7092,-6720,-6084,-4956,-4040,-4268,-4348,-3600,15052,15284,15296,15504,15068,13400,13024,13224,13264,13264,13052,13500,13348,13112,14212,14824,14936,14588,15080,15948,-250,-374,-951,-1848,-3887,-4919,-3205,-2164,-352,-468,-910,-856,-829,3388,5510,4129,2055,386,208,35,-194,-488,-1251,-3296,-5338,-5635,-2543,-433,955,1160,1309,588,-956,-5250,5623,4061,2230,865,2461,732,-231,-330,114,98,460,828,-1410,-1904,-1320,-1624,-1301,-1011,129,4762,646,-931,-566,-177,-561,-762,1854,1854,1853,1850,1823,1585,1305,1200,1149,1103,1059,1050,1065,1286,1698,1845,1861,1865,1865,1865,1409,1409,1409,1408,1407,1372,1132,996,930,887,853,846,863,1050,1320,1379,1394,1399,1402,1403,1495,1495,1495,1494,1454,1157,904,808,773,747,732,740,760,856,1331,1482,1505,1511,1512,1513,1543,1543,1543,1541,1528,1367,1080,950,891,843,813,811,832,1020,1378,1504,1533,1542,1545,1546,1571,1572,1572,1572,1571,1569,1545,1508,1449,1380,1354,1351,1374,1494,1549,1564,1568,1570,1570,1570,
1680,1564,1744,1824,1496,3052,3008,4036,4920,4360,4688,3368,5276,2368,1276,832,1520,1144,1428,1136,-5388,-5348,-5336,-6264,-5376,-6012,-7640,-7176,-7532,-7628,-6628,-6956,-4768,-6712,-5004,-4736,-4052,-4244,-4388,-4504,14364,14304,14860,15492,14324,12528,13364,12988,13236,13872,12448,13136,12672,16936,15296,14692,15016,15520,15324,14632,-807,-274,-409,-1369,-3715,-4390,-3612,-1054,91,-293,39,-202,4391,7032,2626,-377,387,691,-238,-807,0,206,98,-1554,-5143,-5217,-1596,-150,1214,1391,1686,418,-2204,6906,2408,-294,-369,-406,-330,-484,-206,-683,-357,-749,-481,55,-2558,-2436,-843,-908,-519,176,6491,243,-1567,-494,-304,-419,-183,-375,1816,1818,1822,1827,1795,1458,1234,1127,1089,1069,1056,1077,1322,1718,1840,1859,1861,1860,1858,1857,1385,1387,1389,1391,1364,1193,979,882,851,837,829,846,1025,1304,1371,1387,1392,1394,1395,1396,1452,1453,1455,1457,1303,1055,845,772,750,730,720,739,868,1265,1473,1501,1507,1508,1508,1507,1504,1505,1506,1507,1362,1108,918,823,797,781,774,795,1017,1374,1495,1527,1535,1536,1537,1537,1567,1567,1568,1568,1567,1561,1532,1477,1432,1405,1392,1413,1518,1554,1567,1571,1572,1573,1573,1573,
-156,-24,372,496,1980,3560,4916,4160,4020,3504,4084,4652,5112,2328,2144,1452,1368,1292,1148,908,-3696,-3648,-3940,-4744,-5868,-5064,-6132,-7408,-7664,-7280,-6968,-6092,-6920,-6208,-5476,-5176,-4440,-4620,-4020,-3984,15128,14984,15832,15712,14048,12324,13556,13056,13080,12492,13468,12272,14440,14656,14416,14952,14476,15088,15068,14696,-215,-431,-1215,-4854,-7075,-3499,-3111,-968,-952,-509,-435,1487,4743,6016,2321,791,429,952,-31,-95,125,-98,-1177,-6652,-9307,-734,1085,818,1286,-181,168,874,-1251,6418,3916,945,1952,1291,692,1053,-443,-305,-562,433,-656,-2062,-3889,-1287,-1338,-618,-195,2221,2805,-729,-1016,-345,-499,-125,-166,43,1826,1826,1826,1815,1557,1252,1137,1066,1036,1037,1055,1109,1320,1600,1772,1839,1852,1852,1852,1849,1396,1396,1397,1392,1246,986,896,847,831,833,847,881,1055,1262,1352,1380,1389,1392,1394,1395,1477,1477,1477,1443,1003,781,733,704,697,704,720,759,853,1231,1448,1489,1500,1502,1503,1501,1523,1522,1522,1484,1160,908,806,755,742,744,760,805,1039,1364,1475,1515,1529,1533,1535,1535,1575,1575,1575,1574,1543,1496,1449,1374,1348,1345,1356,1418,1493,1536,1558,1565,1568,1569,1570,1570,
-1336,1312,2724,3132,5156,6332,5460,6008,5944,5660,5280,5316,7176,4036,3064,1304,904,972,1524,940,-4496,-4636,-5724,-5980,-8056,-6804,-7572,-8320,-8500,-8288,-8464,-8180,-7000,-8436,-5824,-6144,-6344,-5576,-6184,-5992,15476,14592,14956,13000,14548,13276,10952,11836,12164,12180,12488,12260,10304,14492,14512,15064,14268,14228,14568,14608,-2469,-3478,-4330,-5187,-4334,-3133,-2322,220,94,-198,-299,-300,3510,6989,5031,719,-121,-912,-1171,-461,-5441,-5500,-5274,-6148,-7637,-2666,1722,2291,1588,956,1058,515,-3787,7101,7909,2628,1103,1279,1021,-786,-293,-280,135,-972,-1453,-1182,-2417,-1479,-860,-554,-499,92,5036,82,-535,59,180,-437,18,-33,1824,1828,1828,1694,1352,1192,1129,1103,1085,1081,1088,1105,1267,1559,1794,1846,1848,1842,1831,1818,1395,1398,1399,1375,1204,975,913,884,869,866,869,879,1009,1254,1364,1383,1388,1390,1390,1390,1484,1483,1479,1270,950,773,742,723,718,724,733,748,832,1214,1465,1499,1506,1505,1502,1497,1521,1525,1521,1342,1065,890,838,809,795,794,798,814,962,1306,1477,1522,1533,1534,1531,1526,1575,1575,1575,1574,1563,1523,1471,1427,1409,1406,1407,1420,1508,1546,1564,1569,1570,1571,1570,1570,
-192,352,1288,2516,3956,3524,3876,4968,5296,5260,4988,5076,4648,6852,4412,2644,2224,2160,1020,1208,-6740,-7468,-8972,-9168,-9168,-9152,-10084,-10428,-9912,-10136,-9848,-9548,-8808,-11072,-9104,-7972,-7312,-8300,-7252,-7824,14524,14444,13932,12780,11660,10968,10372,10816,10852,11052,10972,10632,9180,14748,13528,12772,13120,14660,13764,13048,-1837,-3824,-3979,-4756,-4683,-3047,-1428,-634,-129,-486,-519,-306,2563,6577,2949,1960,3468,625,-236,38,-708,-2695,-4492,-6444,-4810,-48,-1762,825,872,375,102,-482,-2949,5632,4369,4308,4908,1488,-178,549,-1502,-1086,-454,-1566,-2442,-3310,-1729,-1543,-1086,-1032,-378,169,4689,3431,-422,387,741,88,193,-539,1762,1763,1768,1674,1344,1212,1103,1050,1031,1034,1041,1060,1190,1509,1744,1830,1847,1847,1843,1838,1379,1379,1379,1321,1096,944,850,813,803,806,812,826,927,1194,1343,1372,1382,1386,1388,1389,1466,1469,1466,1271,926,797,740,719,721,730,740,755,831,1155,1438,1491,1505,1508,1509,1508,1504,1504,1489,1307,1059,895,800,767,763,770,778,795,925,1278,1466,1513,1533,1538,1540,1540,1566,1566,1566,1565,1549,1507,1433,1366,1351,1353,1356,1381,1487,1536,1553,1560,1563,1564,1564,1564,
-532,-356,360,1736,2004,2448,2416,3688,3376,3532,3244,3104,3620,3612,2984,2092,2444,1952,1864,1868,-6580,-7492,-8096,-8100,-8360,-10156,-9672,-10068,-10120,-9924,-9900,-10076,-9596,-9708,-9116,-8596,-7968,-8844,-7600,-8040,14124,14576,14124,13136,11700,12712,11400,11244,11888,11876,11808,11820,11040,12436,13320,13548,12580,13228,13332,13728,-2068,-4515,-4200,-6542,-4721,-2896,-1460,-241,-231,-471,-747,-800,92,4822,5280,2948,267,905,-44,-516,-279,-384,-2956,-4608,-6496,-3050,393,1229,1947,1364,434,44,-2394,-1610,3654,3974,2009,908,-13,-395,-408,-647,-988,-435,-480,-602,-2388,-1795,-1233,-807,-665,-555,1661,1405,-239,-1474,-133,-722,-255,-105,1839,1863,1870,1840,1467,1259,1107,1036,1017,1019,1030,1043,1091,1264,1556,1800,1842,1845,1840,1835,1399,1401,1404,1395,1243,1028,892,837,820,819,827,837,878,1063,1281,1366,1383,1387,1388,1389,1491,1491,1491,1400,979,810,743,716,710,717,727,738,777,898,1282,1471,1504,1510,1510,1508,1528,1527,1527,1437,1175,977,843,787,769,771,779,791,853,1084,1395,1492,1523,1530,1530,1529,1568,1568,1567,1566,1560,1534,1477,1412,1386,1381,1384,1393,1467,1519,1543,1555,1560,1561,1561,1562,
-336,-296,-680,528,2524,3176,3532,4740,4916,5164,4992,5208,4900,6884,4920,4380,3812,2532,1884,908,-6720,-6656,-7272,-8632,-8096,-8920,-9540,-9160,-10696,-10116,-10072,-10204,-10124,-10700,-9408,-8168,-7296,-7664,-7900,-7364,14344,14356,15144,14452,12688,10372,10812,11708,11040,10956,11156,11200,10144,8796,13276,12080,12108,12836,14024,15768,-244,-617,-2552,-5293,-5851,-4724,-1907,-2681,-2106,-531,-428,-138,-104,7510,6558,4565,5469,2985,504,676,257,-417,-2349,-6477,-4409,-4726,-2600,-1367,228,1712,321,332,73,-1962,1435,4695,3986,2611,2577,1625,-442,-391,-1031,-519,-1694,-1637,-2374,-3000,-1883,-819,-636,-320,276,5799,3128,351,928,605,52,-1908,1772,1772,1771,1767,1488,1264,1148,1068,1034,1020,1029,1044,1057,1183,1425,1619,1757,1798,1803,1802,1381,1381,1381,1381,1315,1082,917,825,794,791,801,810,821,944,1170,1303,1353,1367,1372,1374,1477,1477,1478,1478,1289,971,836,770,797,793,808,819,827,887,1169,1342,1419,1448,1457,1460,1509,1509,1509,1506,1357,1047,871,778,748,747,762,772,784,931,1257,1420,1475,1491,1496,1497,1566,1566,1566,1565,1566,1565,1548,1481,1413,1391,1404,1409,1427,1532,1555,1564,1567,1568,1567,1566,
1888,2348,3832,5020,4944,5112,6144,5104,4792,5908,6132,6336,4516,6416,4984,1996,1648,1676,2400,2412,-9592,-10064,-10296,-9548,-9596,-11720,-12972,-12492,-14000,-11436,-11532,-11688,-11352,-11008,-10668,-9448,-8300,-8732,-10844,-8352,14704,13120,11240,9272,8740,9300,9208,9180,9400,9400,9232,9056,8836,11196,10704,11044,12232,11948,15132,12368,-4399,-7733,-6809,-5312,-2999,-3022,119,-4,-338,-332,-353,-498,380,3155,6653,5467,5647,-1889,1218,534,-2601,-7535,-5348,-4357,445,73,1222,1420,796,304,162,-5,377,1600,6079,7490,4945,355,156,-2052,-525,-496,-490,-2019,-1811,-2982,-1778,-2089,-682,-624,-250,58,2141,5138,2633,-30,-669,855,1003,416,1768,1776,1652,1330,1177,1096,1040,1020,1022,1035,1048,1064,1126,1354,1543,1802,1853,1859,1856,1845,1372,1375,1355,1118,912,823,795,788,790,800,811,821,861,1045,1217,1350,1375,1383,1385,1385,1434,1434,1300,1005,832,743,722,721,730,738,746,757,797,954,1238,1453,1498,1509,1510,1506,1475,1471,1357,1075,905,789,753,746,755,767,777,790,844,1044,1323,1467,1523,1536,1538,1535,1566,1565,1564,1557,1526,1496,1443,1400,1389,1391,1395,1410,1476,1533,1552,1561,1564,1565,1565,1564,
412,208,448,-40,2044,2980,3960,4532,5128,5052,5088,4992,4888,5036,4956,3712,2092,2380,1384,2448,-7540,-7316,-8256,-9464,-10024,-9588,-9364,-10048,-10768,-12404,-11752,-11676,-11216,-11124,-11156,-9484,-10972,-9916,-7924,-8200,13488,13952,14244,15216,13260,10936,10140,9912,9424,8984,10264,9916,10004,10276,9672,8436,10040,11812,12128,12064,-250,-277,-984,-5317,-7155,-6390,-4940,-2934,-1353,-255,-162,-375,-372,-464,-747,3354,7183,6787,4507,1615,1092,899,885,-3586,-7388,-6172,-4670,-1105,-381,2050,1797,624,278,238,858,6967,3955,4523,2758,-605,-243,-345,-668,-1503,-2136,-1259,-2648,-2266,-2329,-1376,-471,-604,-806,-799,33,4902,3577,966,170,719,1761,1765,1771,1791,1766,1518,1252,1122,1042,1027,1030,1041,1051,1059,1072,1102,1280,1623,1818,1847,1374,1375,1376,1376,1372,1270,1022,877,824,805,801,809,818,823,831,860,1095,1313,1363,1375,1472,1473,1474,1476,1410,1130,880,759,725,708,702,710,719,725,743,801,1063,1414,1485,1499,1496,1496,1497,1497,1414,1164,974,841,791,775,775,787,795,801,811,858,1147,1404,1491,1514,1568,1568,1569,1569,1568,1566,1552,1523,1474,1413,1388,1389,1390,1390,1416,1496,1544,1557,1563,1565,
300,1392,2424,3060,3736,4864,9620,7172,6504,5780,6108,5620,5608,5164,3880,4204,3456,1120,472,588,-8824,-9816,-10720,-11012,-11328,-11160,-9060,-12092,-11528,-12576,-11012,-11796,-11724,-10980,-8176,-9404,-7668,-6244,-5520,-5652,14284,13404,11620,9948,8484,8700,6416,6804,7888,8516,9172,10228,9968,9200,8176,11108,12564,14448,15024,14644,-3139,-5960,-8096,-8511,-5693,-842,2121,2407,1740,473,2603,592,-47,48,8877,10163,10731,6921,646,-608,-2654,-4158,-5113,-3728,-7491,-5480,-4019,1403,3097,1675,1563,1029,675,-372,3937,8524,7859,4688,416,-750,-788,-1893,-3093,-2125,-3103,400,-5229,232,847,-238,277,327,-546,318,6221,1932,-941,-1625,-1223,-191,1805,1804,1785,1677,1338,1168,1092,1046,1050,1068,1075,1079,1080,1092,1274,1563,1766,1833,1839,1836,1377,1378,1377,1368,1108,890,848,808,807,817,821,823,823,834,958,1211,1337,1367,1376,1378,1480,1480,1406,1246,960,780,743,720,721,729,731,731,728,743,840,1160,1450,1496,1506,1507,1509,1509,1490,1348,1062,875,803,780,783,790,792,794,793,816,939,1276,1467,1515,1528,1530,1565,1565,1564,1561,1543,1521,1499,1452,1428,1421,1414,1410,1406,1452,1517,1545,1555,1559,1560,1561,
-300,0,180,896,3420,5176,6076,5532,5984,6060,5536,5688,5412,4680,6352,4892,3440,3316,2404,2100,-5004,-5624,-5644,-7000,-7740,-8916,-9180,-9836,-9756,-10004,-9236,-9436,-9696,-8976,-7324,-8376,-6976,-7048,-6096,-5696,14564,15084,14752,14244,12384,11092,11228,10020,11032,11668,11416,11620,11480,9728,13664,14724,13364,13908,14136,13972,-327,-928,-4416,-6901,-6750,-7430,-2649,1068,276,-250,-133,-647,-553,283,8887,7406,1885,469,330,-149,26,-651,-3878,-6810,-9402,-12310,-647,2517,2229,1948,1429,1083,275,-4301,273,5247,4860,4141,2539,781,-306,-518,-509,-898,72,-1663,-1953,-2299,-865,-778,-987,-586,-328,3196,5942,-35,-1331,-830,-866,-231,1780,1780,1784,1784,1628,1298,1134,1074,1059,1058,1055,1055,1060,1116,1393,1588,1760,1820,1823,1820,1376,1376,1377,1378,1364,1073,867,817,805,803,802,802,807,856,1096,1269,1348,1367,1373,1375,1476,1476,1479,1475,1370,976,790,757,735,726,719,717,724,780,919,1281,1473,1499,1503,1504,1513,1513,1512,1510,1408,1055,873,824,807,802,795,793,799,858,1079,1369,1481,1515,1523,1524,1566,1567,1567,1570,1574,1572,1550,1495,1463,1444,1428,1421,1425,1499,1543,1563,1570,1569,1566,1566,
-584,-256,-44,1768,3352,4316,5464,5092,4980,4892,4644,4804,4564,2556,3280,4316,2940,1988,1900,2664,-4992,-5100,-5828,-6152,-8104,-8312,-9804,-10476,-11148,-10380,-10260,-10196,-10328,-8972,-11832,-8412,-7780,-7220,-6524,-7376,14832,15140,16252,14036,12200,11136,11904,10232,10700,10656,10920,10948,11544,8876,12472,10520,13368,15308,13352,13588,-461,-961,-3638,-6872,-7859,-7228,-4202,-1851,-831,-49,-164,-660,-530,-233,-429,9370,7682,1905,-763,-361,-143,-945,-5184,-8797,-8682,-6095,-1324,1749,2451,2440,1074,1706,686,-2577,-4907,6420,8638,2385,-1076,-876,-377,-558,-996,-607,1638,-629,-891,-1937,-1036,-862,-428,-928,-772,2372,1373,1317,-2,-786,113,-1280,1777,1777,1775,1766,1627,1281,1153,1091,1048,1034,1038,1045,1052,1097,1210,1494,1754,1800,1796,1791,1376,1376,1375,1374,1339,1030,874,824,790,782,789,797,805,847,1032,1240,1345,1363,1368,1369,1480,1479,1480,1475,1293,916,780,740,715,704,714,726,742,779,936,1241,1452,1483,1487,1485,1509,1509,1509,1506,1340,1000,860,799,767,757,763,775,786,848,1044,1346,1475,1506,1511,1511,1571,1570,1570,1571,1573,1566,1536,1498,1452,1424,1418,1427,1433,1501,1548,1562,1567,1569,1569,1569,
2300,2272,2512,3372,4100,4400,3640,3836,4780,3612,3680,3800,3348,4404,2972,4564,3892,2952,2680,2520,-6276,-6452,-6448,-7256,-7164,-7844,-8476,-9788,-8892,-9080,-8956,-9216,-9052,-8156,-9076,-7860,-6908,-6464,-6244,-6168,14308,14052,13816,14324,13236,13120,12580,12080,12328,12564,12404,12164,11996,10812,11592,13540,14260,14492,14024,14232,-902,-1071,-1136,-3484,-3119,-3738,-2755,-1113,-820,-1178,-1037,-715,-771,2831,4963,6168,2658,1213,315,-32,-936,-1304,-896,-3347,-4333,-1883,697,973,2009,1399,984,618,-531,2543,-2471,3452,2316,77,357,177,-423,-396,-369,-935,664,-693,-1801,-441,-448,-641,-572,-532,-440,1916,2094,37,14,-215,-333,-420,1681,1683,1683,1614,1390,1199,1080,1053,1042,1043,1049,1057,1067,1123,1287,1544,1755,1820,1831,1832,1361,1361,1360,1332,1166,949,859,820,801,797,800,807,815,855,1014,1232,1339,1362,1370,1375,1451,1451,1448,1329,1049,843,768,741,715,702,703,708,720,779,885,1212,1438,1489,1503,1506,1492,1491,1487,1383,1115,924,826,791,767,762,766,774,787,842,1033,1336,1470,1512,1527,1532,1573,1572,1572,1570,1550,1522,1496,1445,1395,1374,1372,1375,1388,1468,1509,1543,1558,1564,1566,1567,
1208,1364,1324,1516,2036,2664,3628,4108,3120,4384,3440,3388,3748,3568,2480,3192,1880,756,3732,3912,-5520,-5512,-5484,-5532,-6004,-6296,-6968,-6856,-8120,-7968,-8128,-7912,-8144,-8428,-8912,-8636,-7652,-8836,-6232,-5668,14684,14524,14664,14884,14704,14056,13772,12840,11732,12980,12732,12840,12956,12656,12188,12472,11040,13012,13508,14112,-356,-467,-372,-820,-1999,-3922,-3553,-2970,-1615,-1535,-1038,-597,-428,-400,-636,-256,253,3333,5364,3590,-76,-78,-135,-874,-2100,-4046,-5373,415,618,1426,1837,1235,45,354,-188,753,-863,-3542,1299,3691,-307,-316,-479,-489,-309,-113,-47,-1962,-2787,-1860,-1046,-574,-460,-394,-300,-395,1835,-172,-136,299,1793,1793,1792,1791,1772,1623,1358,1214,1122,1074,1046,1046,1053,1057,1062,1079,1120,1317,1537,1703,1377,1377,1377,1378,1375,1331,1120,956,892,848,826,823,829,835,841,853,879,1029,1222,1330,1474,1474,1474,1473,1455,1297,934,792,745,712,692,687,687,686,688,693,729,884,1194,1444,1517,1516,1516,1516,1503,1363,1074,873,788,747,738,740,749,757,762,770,805,992,1308,1471,1571,1570,1571,1571,1571,1570,1563,1545,1496,1430,1396,1387,1387,1387,1389,1395,1465,1531,1552,1560,
564,512,1156,1776,2068,4044,4104,4312,4156,4192,4152,4104,3936,3952,3876,3604,4072,4416,3368,4860,-4720,-4656,-5392,-6192,-5736,-6208,-6276,-6816,-7020,-7032,-6852,-6992,-7408,-7152,-7164,-7404,-7464,-7628,-8460,-7488,14832,14968,14844,14648,13484,14276,12884,12592,12632,13280,13128,13584,13332,13200,13352,13448,12856,12376,12660,13764,-601,-1185,-2353,-2247,-1981,-3521,-3123,-1476,-368,-262,-727,-521,-766,-802,-674,-1278,-1070,-424,2459,4693,-75,-547,-2949,-3061,-2942,-6936,-966,400,2077,1234,1710,371,135,346,80,-222,109,-751,-3185,557,-370,-358,-405,-221,182,714,-2037,-2230,-754,-340,-440,-437,-302,-292,-325,-279,-14,1264,2321,973,1746,1755,1783,1813,1705,1288,1134,1058,1036,1033,1040,1048,1057,1065,1073,1084,1093,1129,1305,1549,1372,1372,1372,1375,1347,1059,888,823,800,793,798,806,813,819,824,832,840,874,1003,1200,1464,1464,1474,1483,1304,900,755,718,691,621,614,617,624,631,639,653,674,779,905,1184,1510,1509,1509,1509,1360,1017,846,792,773,773,778,787,794,801,808,818,830,871,1011,1267,1573,1573,1572,1571,1570,1563,1551,1526,1479,1451,1440,1439,1438,1439,1441,1447,1452,1514,1548,1561,
1336,1372,1744,1812,2564,3636,4196,2696,4336,4116,3184,3032,2992,2928,3280,4348,4448,1844,656,820,-4036,-4224,-4476,-4468,-5592,-6848,-6636,-6352,-6700,-7128,-7460,-6944,-6788,-7176,-6708,-5904,-5560,-4420,-3472,-2532,14780,15024,14904,14804,14264,14304,13996,11084,13552,13336,14068,13420,13732,13608,13524,11236,17012,15176,15448,15220,-315,-855,-1405,-3424,-3471,-2636,-3446,-791,240,7,-1459,-745,-531,-473,45,5250,10793,4372,2165,1376,-42,-497,-977,-1933,-3899,-5913,-762,1132,1739,2942,1677,1062,134,685,486,-652,5218,4221,2270,894,-345,-285,-374,-835,-903,-1106,-2014,-1674,-702,-22,-1221,-282,-262,-150,150,3662,1698,-678,-248,296,1744,1746,1750,1723,1655,1395,1196,1090,1052,1048,1051,1057,1068,1079,1093,1197,1396,1641,1792,1819,1370,1370,1370,1369,1362,1166,925,848,816,806,807,814,822,830,839,924,1190,1326,1360,1370,1456,1458,1465,1468,1400,995,783,740,718,701,693,699,708,718,730,806,1046,1362,1469,1496,1497,1497,1498,1498,1445,1102,899,809,780,763,760,771,783,793,806,903,1206,1437,1500,1523,1575,1575,1575,1574,1573,1560,1524,1488,1442,1383,1344,1341,1345,1353,1372,1477,1543,1557,1562,1563,
-328,380,1384,3164,2456,2564,3164,2712,2936,2684,2660,2516,760,-28,812,1056,128,-252,-956,-632,-2628,-3064,-3744,-3780,-4724,-5560,-5180,-5588,-5140,-5464,-5624,-5872,-4908,-5956,-4208,-2840,-3600,-3124,-2812,-2592,15608,15092,15584,14840,13860,13604,14524,14380,14192,14432,14456,14136,12648,16408,14652,13708,16600,14684,15120,15240,-1864,-1510,-3263,-5273,-3439,-1107,-574,-722,-790,-493,-930,-883,-382,1662,4251,5098,663,-571,-807,-20,-5256,-3784,-6975,-5998,-110,1918,1215,452,208,266,124,-134,-2975,-1788,4249,9260,548,1311,1369,704,765,594,-41,-869,-2029,-1925,-799,-459,-464,-535,-185,-276,1136,62,-61,-1422,-1289,-209,-1208,-275,1790,1757,1504,1225,1112,1064,1060,1068,1075,1081,1084,1088,1118,1242,1544,1777,1824,1818,1805,1794,1379,1363,1204,940,816,780,779,789,797,804,809,813,833,978,1188,1337,1366,1371,1372,1373,1445,1328,1057,799,719,700,701,701,703,706,716,729,756,876,1171,1454,1496,1501,1499,1495,1507,1424,1159,907,778,753,756,766,775,783,792,800,833,988,1283,1467,1515,1523,1524,1522,1568,1566,1554,1526,1490,1406,1375,1370,1371,1373,1379,1385,1445,1521,1548,1558,1561,1560,1560,1560,
-712,812,888,1568,2652,3792,4024,5640,4432,4320,4244,4260,4428,4080,3196,1512,5208,4592,3108,2708,-3344,-3676,-4544,-4676,-5008,-6608,-6452,-6884,-6672,-6728,-6844,-6656,-7012,-6816,-6768,-5520,-5092,-4164,-3760,-3608,15964,14848,13888,13952,14420,14716,13040,12884,13164,13352,13596,13420,13500,12744,12328,11976,16052,15812,14812,14324,-2693,-2943,-2363,-1125,-2278,-5405,-3744,-588,18,-560,-882,-781,-608,-1056,-109,3948,8495,2265,-100,382,-4525,-6045,-3062,-1144,-4805,-6438,-900,180,1581,1114,746,551,192,432,-81,-1479,5241,3505,1509,3638,-131,1232,956,35,156,-737,-3350,-1867,-1110,-736,-666,-550,-530,-174,1068,2575,-7,-2802,508,4,1756,1755,1757,1775,1776,1447,1127,1043,1041,1044,1054,1063,1071,1081,1098,1230,1518,1788,1836,1834,1372,1373,1373,1374,1370,1115,849,799,790,797,806,813,820,827,848,980,1235,1347,1366,1372,1470,1469,1468,1455,1262,859,732,704,691,665,668,671,677,687,728,854,1196,1449,1492,1498,1500,1499,1498,1483,1370,1019,844,787,776,777,786,793,801,812,856,999,1323,1478,1517,1526,1568,1567,1566,1566,1560,1536,1511,1469,1417,1401,1398,1399,1400,1409,1465,1521,1546,1556,1559,1559,
1064,2076,2480,2068,2948,2792,4124,5660,5512,5624,5068,4980,5084,4612,5372,5496,4976,2928,1820,1244,-4284,-5328,-5332,-5508,-5644,-6368,-6708,-7812,-8276,-9064,-8948,-8856,-8996,-8968,-9232,-7492,-7560,-6080,-6156,-5472,14272,14760,14560,14044,14244,13160,13952,11168,11996,11832,12652,11748,12168,11812,11760,11848,15196,14480,14392,14140,-2857,-2079,-2170,-3036,-2530,-6082,-7760,-4163,-2597,-684,-872,-1120,-954,-386,-329,7338,7224,1244,-191,-1432,-3865,-2238,-2185,-1541,-2763,-4413,-6467,603,1150,1421,1097,665,405,837,-1949,-639,7945,6721,2320,1631,286,-214,-389,-925,-173,-133,-433,-2923,-1690,-773,-487,-329,-316,-230,400,4236,-2366,-1703,-583,-1071,1771,1771,1775,1788,1807,1725,1250,1101,1039,1032,1042,1052,1060,1061,1077,1268,1555,1768,1809,1807,1365,1365,1367,1371,1377,1347,994,843,806,804,812,819,825,830,847,1020,1258,1348,1363,1368,1457,1458,1460,1468,1480,1289,852,731,702,663,663,667,676,690,728,875,1250,1440,1472,1476,1492,1492,1493,1497,1508,1319,949,801,772,766,774,784,793,806,838,1013,1338,1469,1506,1512,1565,1565,1566,1566,1567,1566,1551,1518,1460,1433,1425,1423,1423,1428,1475,1526,1549,1559,1562,1561,
1752,1996,1764,2260,1768,2412,2492,2428,2440,2320,2556,2468,2228,2240,1268,1872,1160,872,388,556,-5784,-6388,-5896,-6020,-6232,-6488,-7740,-7420,-7912,-7252,-8288,-7708,-8016,-7892,-7928,-6028,-6368,-5252,-4952,-4640,14408,14480,13988,13836,14328,14316,14652,12392,13632,13288,13504,13204,13924,13076,12260,12976,15808,14656,14560,14472,-1634,-681,-1255,-921,-900,-1983,-2784,-2518,-593,-624,-1811,-732,-1133,-612,1555,7903,4895,548,-66,-212,-3248,-603,-951,-663,-834,-1398,-2137,951,1290,877,-3,588,834,-245,-8038,4531,6179,1978,-154,359,260,-286,-579,-444,188,799,772,-2418,-601,-535,-611,-628,-554,-160,895,415,-2060,-349,-27,-349,1714,1726,1731,1730,1711,1478,1208,1081,1067,1074,1079,1086,1092,1101,1159,1443,1737,1810,1813,1807,1359,1362,1364,1365,1363,1221,922,846,838,839,838,840,842,846,893,1129,1336,1362,1369,1371,1426,1434,1437,1436,1421,1150,788,720,717,723,730,739,750,761,808,1032,1399,1467,1483,1484,1480,1483,1485,1485,1462,1194,887,790,775,776,777,783,788,798,871,1192,1450,1504,1516,1517,1563,1564,1564,1564,1564,1553,1485,1400,1370,1369,1366,1366,1365,1372,1448,1512,1539,1548,1551,1551,
-828,-1192,1564,3672,3072,3144,4196,4248,4984,4128,3660,3780,3980,2528,1456,2540,1560,1220,1096,784,-4840,-6004,-6992,-8148,-8124,-8376,-10368,-9404,-10948,-9748,-9624,-10128,-9676,-8896,-8892,-7864,-6880,-6124,-6140,-5640,15024,15656,15696,12684,11208,10312,12120,11060,13696,12124,11624,11864,11492,10108,12468,15376,14520,13408,14764,14680,-1143,-5670,-9039,-7964,-5243,-1930,-1228,-542,-1013,-385,-554,-623,-435,2039,4274,8599,1215,542,1170,46,-1208,-1068,-8376,-9001,-3181,-1184,1108,1606,227,398,-138,-50,85,509,-2703,4253,1721,3042,2783,78,-675,-2163,-2141,-1253,-1613,-3729,-2062,-907,-46,-1154,-524,-563,-59,2952,2614,-141,-460,-886,-1007,-527,1714,1712,1698,1488,1258,1117,1057,1055,1070,1079,1083,1092,1099,1121,1220,1479,1659,1696,1694,1685,1362,1362,1355,1227,964,838,799,803,815,823,827,833,839,859,968,1195,1322,1343,1346,1347,1440,1440,1383,1089,828,746,687,687,701,707,709,713,718,768,1008,1276,1434,1454,1455,1449,1482,1481,1420,1163,895,767,737,746,760,766,772,779,786,829,1103,1375,1465,1481,1482,1479,1558,1558,1557,1552,1533,1503,1444,1420,1417,1403,1392,1392,1395,1488,1544,1558,1560,1559,1558,1557,
1172,1348,1624,1936,2020,4136,5024,3708,3752,4068,3672,4004,3728,3876,2532,3172,2228,3396,2332,2340,-6112,-6640,-7208,-7500,-7648,-7076,-7936,-9780,-8956,-9240,-9544,-9180,-9380,-8344,-8308,-5748,-6236,-5176,-5340,-4672,14712,13884,13560,13588,12428,14052,11880,12428,12632,12608,12300,12256,11788,10296,13104,14104,14352,14336,14548,15492,-1540,-2769,-1753,-3043,-3474,-2534,-1644,-757,-1652,-1029,-965,-771,-642,4668,6537,6507,3041,1595,713,-115,-5963,-2882,-1435,-3575,-7176,-1418,650,2245,805,771,90,93,1,-2462,-1968,5376,1402,-235,3265,268,1565,906,11,-52,354,-806,-1937,-1429,-266,-635,-635,-547,-282,2024,1042,-1113,-2578,235,-122,-568,1642,1730,1772,1665,1320,1129,1070,1059,1058,1067,1076,1084,1092,1121,1289,1564,1753,1797,1803,1800,1344,1354,1361,1341,1079,854,804,792,798,810,817,824,830,873,1100,1292,1351,1364,1371,1374,1428,1442,1455,1296,925,747,714,624,623,631,639,645,655,740,1014,1339,1466,1496,1505,1507,1455,1464,1475,1325,1027,828,777,768,778,790,799,806,815,896,1165,1411,1488,1522,1536,1541,1567,1568,1568,1567,1560,1533,1478,1436,1414,1403,1398,1398,1410,1507,1549,1560,1564,1565,1564,1564,
216,508,892,324,1440,2464,3268,2788,2956,3396,2664,3412,4232,1300,352,404,288,588,56,-72,-6640,-5664,-7952,-7848,-7296,-8292,-8748,-8980,-10524,-9780,-10028,-9996,-9364,-9464,-8180,-7552,-6880,-6664,-6544,-7096,15476,14508,14300,12968,12104,13116,11676,13804,12324,12364,11272,11540,11292,14556,14824,14232,13344,14548,14048,13944,-1553,-2565,-3341,-5495,-3549,-2789,-3521,-1219,-912,-1084,-873,70,4335,7445,4088,642,831,-528,-489,-488,-589,-1050,-1471,-5835,-4936,-2511,1089,-532,922,69,262,481,-199,58,4752,1175,2504,920,-158,105,-1299,-889,214,-562,-380,-2567,-2010,-2043,-1592,-814,-824,-171,4118,774,-1781,-714,200,-476,-99,-547,1751,1762,1773,1585,1253,1089,1040,1037,1049,1056,1066,1075,1135,1372,1636,1794,1798,1789,1782,1774,1365,1366,1366,1258,969,825,790,792,805,812,819,826,880,1094,1297,1357,1364,1366,1367,1367,1461,1463,1362,1055,836,737,641,632,640,645,652,662,730,1017,1329,1467,1482,1482,1479,1475,1509,1509,1471,1159,914,767,745,756,771,780,787,795,864,1155,1436,1498,1508,1507,1505,1502,1569,1569,1568,1563,1545,1521,1456,1408,1398,1390,1389,1398,1498,1549,1563,1566,1565,1564,1564,1564,
-1896,-1060,660,1612,1168,3076,4036,3676,3976,3332,3632,3700,3816,3576,1376,2608,2012,1748,1412,800,-6180,-6564,-7088,-7680,-7660,-6692,-8136,-9112,-8928,-9188,-9060,-9472,-9532,-9596,-8748,-7556,-6848,-6676,-6348,-6192,15088,14628,13808,13532,12420,13344,12408,11552,11700,12824,12588,12204,12264,11820,10736,13428,15640,14392,13748,13896,-1388,-2935,-3522,-2548,-1789,-2846,-2953,-1197,-890,-627,-903,-807,-706,457,2644,5400,3917,509,-894,595,-2422,-4525,-5581,-5509,-6053,-4798,-2488,1095,2606,2185,327,-72,359,716,-4291,-2445,4924,1365,1248,1273,-562,-889,-510,1447,636,1346,-2425,-2468,-1511,-838,-751,-665,-409,-300,2183,2851,-1107,-434,1,-81,1708,1707,1709,1704,1465,1224,1121,1087,1076,1076,1083,1091,1098,1105,1143,1364,1598,1753,1791,1791,1360,1361,1364,1366,1224,934,849,823,815,819,826,833,839,845,875,1058,1282,1349,1362,1367,1450,1452,1453,1431,1084,805,745,712,624,620,624,632,636,644,697,909,1262,1448,1485,1493,1484,1484,1484,1448,1143,873,777,756,757,767,776,783,790,797,836,1052,1362,1474,1510,1519,1568,1570,1573,1575,1573,1559,1532,1475,1412,1387,1381,1382,1381,1386,1471,1535,1555,1562,1564,1564,
-268,-72,1124,1776,3256,2272,4424,3412,2572,2560,2420,1912,2564,2536,3780,1432,996,748,1316,520,-5880,-6500,-6844,-7212,-5360,-6880,-6200,-6176,-5480,-5308,-5432,-5772,-5912,-5412,-4592,-3832,-5044,-5372,-5244,-4784,15152,14904,15200,14012,13072,15160,13564,13916,14172,14496,14104,14284,13304,10208,16848,15284,15036,14540,14160,15500,-617,-1535,-1893,-964,-467,-857,1163,1027,385,-196,-604,-1449,-770,7227,6333,239,-5580,-2613,-1208,-383,-588,-3614,-6224,-7456,-7001,95,6,3645,2746,1470,500,-15,782,-369,4254,4494,3176,706,-265,-315,-513,-1048,527,1862,1562,-3209,-1664,-933,-1822,-747,-477,-301,1305,4200,-1007,-1862,-1138,-1437,-1628,-1424,1699,1695,1691,1615,1325,1177,1096,1072,1076,1083,1091,1100,1117,1268,1529,1695,1752,1750,1736,1719,1368,1368,1368,1349,1048,891,833,817,820,829,837,844,853,984,1217,1325,1350,1355,1355,1354,1456,1457,1457,1282,856,741,707,609,609,615,620,630,658,855,1231,1452,1480,1482,1476,1471,1491,1491,1491,1351,963,798,747,740,748,758,767,777,790,963,1334,1452,1480,1484,1481,1476,1567,1566,1567,1566,1542,1523,1464,1395,1384,1382,1383,1391,1444,1534,1553,1558,1560,1560,1559,1559,
604,788,1376,1104,2340,4060,3704,4636,4432,3744,4096,4204,3128,3372,4504,5888,3720,3228,2560,2520,-6476,-6224,-7060,-7128,-7588,-6416,-7612,-7892,-7756,-7152,-7236,-7056,-7068,-7144,-4968,-4912,-4760,-4744,-5028,-5192,13788,13920,14720,14372,14156,12900,13448,12544,13940,12892,13008,13464,12348,11812,13796,14020,13880,16092,14828,14180,-1413,-554,-991,-3366,-3011,-1261,-3823,229,-87,-293,-418,-755,-254,2863,7760,4758,2605,-2462,-1593,-963,-768,-176,-838,-4995,-8787,-6118,1694,3125,2130,1410,622,-49,-2089,-3677,-2061,7603,7782,2989,-597,209,-268,-631,-273,597,2082,-509,-2383,-2081,-2145,-765,-910,-662,355,2370,1965,-515,-1708,-186,-345,-689,1692,1691,1689,1681,1498,1253,1157,1113,1096,1095,1098,1102,1117,1160,1385,1601,1751,1769,1757,1745,1360,1360,1360,1357,1250,977,848,808,800,803,810,816,833,902,1142,1306,1352,1363,1365,1367,1454,1455,1455,1348,1079,847,768,735,707,704,704,705,732,825,1107,1393,1469,1480,1480,1475,1473,1474,1474,1442,1204,940,827,789,778,784,792,799,820,915,1244,1448,1497,1513,1515,1512,1563,1563,1563,1562,1559,1552,1541,1499,1450,1424,1412,1408,1455,1531,1555,1563,1565,1564,1563,1562,
496,468,1228,1708,2016,2304,3552,3700,4200,4460,3736,3864,3672,3360,3052,3672,1752,1448,1640,284,-4940,-4924,-5220,-6252,-6364,-6176,-6604,-7308,-8248,-7932,-8016,-8116,-8728,-8548,-8276,-6216,-4912,-4680,-4392,-4392,14592,14660,16160,14976,13852,10828,12272,12756,12744,13048,12928,12748,12668,11900,11748,16496,15032,13920,14680,13912,-340,-368,-3694,-3137,-5693,-3312,-2375,-1412,-751,-1011,-788,-999,-905,-1003,5626,8794,2565,-2179,-1239,-2076,236,-130,-2803,-4258,-3722,-5040,-2042,-360,1764,1588,605,579,623,-3504,-5517,5517,2916,2203,3480,3937,-286,-362,-370,2078,2830,-522,-3031,-1638,-2607,-1074,-1078,-922,-353,1715,3189,-1499,-1305,28,-1594,-875,1660,1660,1662,1675,1622,1290,1170,1104,1088,1090,1095,1101,1108,1124,1277,1573,1765,1778,1763,1731,1352,1352,1352,1355,1346,1004,854,801,791,797,807,814,821,840,975,1253,1346,1358,1361,1360,1423,1424,1433,1455,1268,837,768,791,745,764,767,770,778,824,941,1307,1463,1481,1480,1471,1473,1473,1472,1473,1346,936,805,770,762,772,783,791,800,833,1023,1375,1474,1499,1499,1490,1565,1565,1565,1566,1566,1561,1551,1499,1421,1398,1393,1392,1396,1472,1536,1555,1561,1562,1561,1561,
