1576,1912,1580,2400,2940,3512,2280,2448,3028,2628,3088,2860,2332,4088,3328,2880,3052,3284,2984,3124,-5564,-5444,-5744,-4856,-5640,-19292,-20004,-16808,-14192,-16408,-14732,-15420,-16080,-14556,-15560,-15792,-15728,-15204,-15608,-15648,14096,13816,14096,13868,10860,136,-4676,-7336,-6576,-7164,-6488,-6492,-7304,-7128,-6636,-6464,-6716,-6300,-6800,-6392,166,-463,-140,-1210,-32768,-32768,-19664,-6388,-1921,44,-46,105,-659,117,-704,-216,-553,-602,-92,465,-59,76,239,-818,-15391,-1674,-161,-165,-89,-208,73,-578,659,-135,830,789,392,-174,349,25,-506,-516,-527,-388,-5269,3117,4085,3062,-816,-854,-1208,-413,-602,-1748,281,-284,-880,-372,-3,-1048,1898,1898,1898,1899,1899,1898,1897,1896,1895,1896,1895,1895,1895,1894,1895,1895,1895,1895,1895,1895,1507,1507,1507,1507,1508,1507,1506,1506,1506,1506,1506,1506,1506,1506,1506,1506,1506,1506,1506,1506,1576,1576,1576,1576,1576,1564,1563,1563,1563,1564,1564,1564,1564,1564,1564,1564,1564,1564,1564,1564,1608,1608,1608,1608,1608,1604,1602,1601,1601,1601,1602,1602,1602,1602,1603,1603,1603,1603,1603,1603,1644,1643,1644,1643,1646,1645,1644,1644,1645,1646,1648,1648,1649,1649,1649,1649,1649,1649,1648,1647,
2184,2096,1844,2144,3376,5296,1920,2004,2456,2420,2124,1904,2152,2068,1856,2072,2172,2136,2096,2072,-6012,-6092,-5920,-6288,-4176,-8604,-17532,-18080,-16288,-15532,-15724,-15756,-15636,-15680,-15756,-15528,-15772,-15572,-15896,-15400,13596,13940,13868,13752,12276,5876,-3096,-7048,-6664,-6488,-7172,-6740,-6272,-6484,-6520,-6380,-6608,-6340,-6480,-6604,-375,-172,-148,-3226,-19620,-32768,-32768,-11219,-600,-1456,-861,1274,168,-88,-197,-48,-703,-500,-782,-987,-76,-2,29,360,-3030,-632,1233,-1013,-1366,822,596,308,1025,-228,580,177,-5,37,-368,-388,-378,-377,-396,-999,-5207,-4234,7175,1426,-3630,487,-166,-1230,11,-582,-784,-388,-298,-734,-749,-399,1895,1895,1896,1896,1896,1898,1893,1892,1892,1892,1892,1892,1892,1893,1893,1892,1893,1892,1892,1892,1508,1508,1508,1508,1508,1508,1506,1506,1506,1506,1506,1506,1505,1506,1505,1505,1505,1505,1505,1505,1569,1569,1569,1569,1569,1568,1563,1560,1555,1554,1555,1556,1556,1556,1556,1556,1551,1550,1550,1550,1607,1607,1607,1607,1607,1606,1601,1599,1599,1599,1599,1599,1599,1599,1599,1599,1599,1599,1599,1599,1636,1635,1636,1635,1638,1641,1641,1643,1649,1652,1654,1654,1655,1655,1656,1656,1656,1655,1656,1656,
2096,1244,2008,1900,3140,1484,6176,2040,2972,2864,2260,2780,2384,2336,2180,2352,2176,2492,1936,2496,-4220,-3516,-2772,-3424,-1388,-13292,-15496,-16144,-14644,-15996,-15804,-15644,-16308,-15732,-15776,-15832,-15448,-15412,-16280,-15776,14488,14396,14924,14944,14352,7612,-2888,-7828,-6124,-5492,-6088,-6164,-5904,-6368,-6648,-7096,-5928,-6676,-6156,-6348,-203,-63,123,-902,-9006,-21124,-32768,422,-3175,-1438,-319,-1768,-1749,-280,-497,-401,-993,-588,-636,-274,756,-24,717,-189,-158,-14859,-18945,1681,484,562,1007,1726,719,393,686,118,595,586,221,-19,-764,-1219,-605,-184,-1011,-2175,3887,-878,509,266,-439,676,791,-749,218,-1371,-886,-125,-336,-344,1894,1894,1894,1894,1894,1896,1880,1879,1879,1880,1880,1881,1881,1881,1882,1882,1882,1882,1882,1882,1508,1507,1508,1507,1507,1507,1504,1503,1503,1503,1503,1503,1503,1502,1502,1502,1501,1501,1501,1501,1563,1563,1563,1563,1563,1563,1561,1561,1561,1561,1561,1561,1561,1563,1565,1565,1565,1565,1565,1565,1603,1604,1603,1603,1603,1604,1588,1587,1587,1587,1588,1588,1587,1586,1586,1586,1586,1586,1585,1586,1636,1636,1636,1635,1640,1648,1648,1648,1649,1651,1652,1652,1651,1651,1651,1652,1652,1652,1651,1652,
1424,1400,1336,1744,3000,5076,2688,1976,1956,2112,1988,2248,1692,2392,1936,1900,1868,2312,2036,1864,-4236,-4396,-4100,-3344,-4696,-14452,-13924,-14844,-14972,-15076,-15120,-15484,-15408,-15172,-15092,-15444,-15612,-15220,-15576,-15652,14216,14308,14456,14420,12196,2048,-5660,-9156,-7272,-6868,-7116,-7108,-7260,-7480,-7740,-7088,-7312,-7456,-7436,-7312,-135,-225,-646,-2665,-31071,-32768,-15701,4053,2683,1260,630,-1441,-1742,-1023,-661,-818,-1614,-529,-324,-17,82,-27,-115,38,-10350,-12978,-1691,-3131,-287,-31,-110,19,240,201,105,381,276,466,687,-25,-437,-355,-366,-728,-3951,4580,1951,-3667,-525,-1145,-1491,-454,-885,-654,-438,-197,89,-261,-336,-278,1893,1893,1893,1892,1894,1890,1889,1884,1884,1884,1884,1884,1884,1884,1884,1885,1885,1885,1885,1885,1507,1507,1507,1507,1507,1505,1505,1504,1504,1504,1504,1504,1504,1504,1504,1504,1504,1504,1504,1504,1567,1566,1567,1567,1567,1563,1561,1560,1556,1554,1551,1552,1553,1552,1553,1553,1553,1553,1554,1554,1603,1604,1603,1603,1603,1597,1596,1595,1596,1596,1596,1596,1596,1596,1597,1597,1596,1596,1596,1597,1641,1641,1641,1641,1650,1650,1650,1650,1651,1651,1651,1652,1652,1652,1652,1652,1652,1652,1652,1652,
2100,2392,2092,2092,2208,6748,6128,988,3520,2956,3092,3264,3280,3108,3020,3404,3040,3220,3108,3140,-4580,-4432,-4528,-4720,-3896,-10756,-21760,-17920,-16044,-15948,-15716,-15924,-15872,-15504,-15660,-15812,-15300,-15772,-15408,-15048,14192,14160,14036,14452,13784,11692,-768,-6608,-8180,-5976,-6132,-6616,-6724,-6052,-6420,-6680,-6116,-6292,-6736,-6392,-319,-144,-140,-326,-14849,-32768,-32768,-18475,-3053,-2316,-1890,-874,-1862,-510,-53,-738,-444,-495,-95,-54,-90,26,196,-11,-1488,-14620,2871,-502,-465,2141,1305,367,1226,737,-37,-84,156,-50,-444,392,-228,-271,-430,-292,-4055,-10513,18656,8443,1112,991,143,-198,-248,-600,-623,-344,-665,-426,-678,-332,1888,1888,1888,1888,1888,1893,1889,1888,1887,1887,1888,1888,1888,1888,1888,1888,1888,1888,1888,1888,1507,1507,1507,1507,1507,1507,1507,1506,1506,1506,1506,1506,1506,1506,1506,1506,1505,1506,1506,1506,1562,1562,1562,1562,1562,1569,1556,1557,1557,1557,1558,1557,1557,1558,1558,1558,1557,1557,1558,1558,1603,1603,1603,1603,1602,1601,1594,1594,1593,1592,1592,1593,1593,1592,1592,1592,1592,1592,1593,1593,1637,1637,1637,1637,1642,1652,1652,1652,1653,1653,1654,1654,1654,1655,1655,1655,1655,1655,1655,1655,
1808,1820,1880,1876,1784,2308,2692,2524,2140,2112,2024,1932,2084,2028,1848,2008,2052,2112,2012,2240,-4636,-4184,-4096,-4236,-4284,-4784,-4068,-3832,-4028,-3984,-3712,-3920,-3804,-3700,-3932,-3632,-3768,-3748,-3832,-3644,14228,14372,14480,14412,14024,14140,13872,14448,14304,13984,14192,14440,14104,14080,14528,14348,14504,14248,14596,14588,-324,-96,-153,-194,-303,-115,970,345,31,-68,281,-102,-206,-204,-185,11,-55,-175,-430,-538,-204,8,81,195,-81,-902,320,323,254,231,531,554,370,230,134,458,323,510,-19,-80,-573,-388,-437,-432,-171,-126,-380,-247,-350,-599,-407,-461,-645,-502,-510,-588,-549,-441,-621,-1308,1888,1889,1888,1888,1888,1889,1888,1888,1888,1888,1888,1888,1888,1888,1888,1888,1888,1888,1888,1889,1508,1508,1508,1508,1508,1507,1504,1502,1501,1501,1500,1500,1499,1499,1499,1499,1499,1499,1499,1502,1568,1568,1567,1567,1408,939,858,861,875,884,886,890,899,907,913,918,922,925,938,1132,1601,1601,1601,1601,1601,1586,1548,1541,1538,1536,1532,1532,1532,1532,1533,1534,1535,1536,1538,1581,1639,1639,1638,1639,1637,1636,1636,1636,1636,1636,1635,1636,1636,1636,1636,1636,1636,1636,1636,1636,
1612,1604,1364,1532,1544,1372,1316,1596,1616,1600,1520,1600,1408,1588,1548,2452,2044,1592,1460,1288,-3656,-3664,-3772,-3888,-3572,-4160,-3992,-3968,-3860,-3844,-3984,-3952,-3792,-3884,-3892,-3944,-3016,-3960,-3824,-3744,14520,14588,14448,14584,14560,14628,13968,14192,14412,13928,13768,14440,14500,14372,14468,14624,14252,15080,14820,14532,-257,-359,-289,-161,-262,-1565,-78,-188,-225,57,54,-37,-298,-195,-567,-128,1217,121,-363,-355,77,-113,32,74,-228,-1047,-202,48,363,429,892,549,370,25,-459,-592,2019,1096,-481,-178,-445,-530,-546,-389,-38,584,222,-368,-341,-560,-382,-382,-444,-451,-871,-2701,-317,718,-548,-746,1890,1890,1890,1890,1890,1890,1890,1890,1891,1891,1891,1891,1891,1891,1891,1891,1891,1891,1891,1891,1507,1507,1507,1507,1507,1507,1506,1504,1504,1504,1504,1504,1505,1504,1503,1505,1507,1507,1508,1508,1561,1561,1561,1560,1302,945,888,866,869,881,891,899,904,907,917,1087,1553,1603,1595,1584,1605,1605,1605,1605,1605,1601,1578,1550,1547,1543,1544,1547,1547,1544,1542,1588,1604,1606,1606,1606,1639,1639,1639,1639,1639,1637,1637,1637,1637,1637,1636,1637,1637,1637,1637,1637,1638,1638,1638,1638,
1444,1324,1504,1344,908,1816,2260,2388,2236,2436,2512,2436,2380,2448,2548,2392,2056,2132,1360,1592,-3828,-3852,-3764,-3816,-3708,-4768,-3696,-4276,-4132,-3892,-3864,-4148,-3888,-4016,-3732,-3584,-3768,-3960,-2988,-3072,14568,14372,14316,14500,14684,14700,13932,14664,14744,14736,14552,14872,14840,14348,14648,14320,14400,14424,14304,14944,-101,-358,-211,68,-1703,209,-397,-157,30,-200,106,-31,-235,-89,-140,-177,-317,520,909,-199,-40,-198,155,316,-1293,-2852,-259,-346,-506,-370,-236,-37,-171,-396,172,394,166,785,2667,254,-461,-513,-204,-581,863,-369,-1125,-758,-566,-631,-557,-435,-288,-367,-495,-604,-448,-1324,-2189,120,1891,1891,1891,1891,1891,1891,1891,1892,1893,1893,1893,1893,1892,1892,1892,1892,1892,1892,1892,1892,1508,1509,1509,1509,1509,1506,1504,1503,1503,1503,1503,1502,1502,1501,1501,1501,1500,1503,1506,1507,1559,1560,1560,1536,1075,862,848,868,881,888,896,902,908,916,924,928,935,1047,1579,1619,1607,1607,1607,1608,1602,1547,1521,1524,1521,1516,1516,1515,1516,1520,1520,1521,1521,1568,1605,1609,1639,1638,1638,1639,1638,1637,1638,1638,1638,1638,1638,1639,1638,1639,1639,1639,1639,1639,1639,1639,
1312,1260,1328,1216,1232,1160,1152,1324,1220,1144,1332,1348,1232,1452,1224,1096,1208,1020,1008,1176,-3712,-3400,-3576,-3528,-3560,-3448,-3712,-3464,-3588,-3532,-3736,-3664,-3548,-3672,-3800,-3580,-3520,-3628,-3724,-3656,14720,14368,14564,14496,14444,14548,14892,14368,14456,14808,14604,14716,14744,14816,14960,14708,14832,14908,14708,14748,-228,-231,-316,-334,-204,-210,-710,-118,-186,-200,-431,-86,-242,-86,-237,-275,-231,-505,-325,-279,-76,-14,26,4,50,48,-494,280,41,80,240,262,145,-45,-367,-256,-201,-423,-190,-330,-435,-371,-413,-537,-477,-170,186,328,-453,-595,-327,-288,-429,-409,-437,-429,-536,-641,-390,-423,1893,1893,1893,1893,1893,1893,1893,1893,1893,1893,1893,1893,1893,1893,1893,1894,1893,1893,1894,1893,1509,1509,1509,1509,1509,1509,1508,1508,1508,1508,1508,1508,1508,1508,1508,1508,1508,1508,1508,1508,1568,1568,1568,1568,1568,1321,988,927,916,916,937,946,951,956,964,967,967,968,971,972,1608,1608,1608,1609,1608,1608,1602,1592,1583,1575,1574,1574,1574,1573,1573,1573,1573,1572,1571,1570,1640,1640,1640,1640,1640,1639,1638,1636,1635,1635,1633,1632,1632,1631,1630,1630,1630,1629,1629,1628,
968,1140,1212,1116,1104,1208,1016,1164,696,896,1276,1412,1236,1260,1348,1176,1064,1184,1200,1152,-3532,-3548,-3792,-3436,-3636,-3584,-3540,-3656,-3328,-3528,-3244,-3284,-3392,-3440,-3488,-3476,-3352,-3772,-3396,-3360,14548,14716,14496,14512,14640,14612,14744,14740,14204,14356,14092,14316,14384,14368,14280,14296,14284,14216,14524,14324,-336,-335,-387,-217,-305,-280,-185,-610,474,513,-164,188,-284,-321,-173,-72,-54,88,-105,-152,-20,49,111,-1,25,64,-520,-523,540,845,444,1130,600,432,303,545,614,738,742,411,-671,-195,-356,-534,-437,-546,79,104,-613,-551,-308,-483,-545,-444,-491,-552,-510,-515,-328,-254,1894,1895,1894,1894,1894,1894,1894,1894,1894,1894,1894,1894,1894,1894,1894,1894,1894,1894,1894,1894,1509,1510,1509,1510,1510,1510,1509,1507,1504,1503,1502,1503,1503,1503,1503,1503,1503,1503,1503,1502,1565,1565,1565,1565,1565,1558,1185,882,857,871,884,888,893,900,907,913,920,926,929,929,1606,1607,1607,1606,1607,1606,1599,1535,1515,1513,1516,1519,1522,1523,1524,1526,1527,1528,1529,1528,1638,1637,1637,1638,1638,1637,1637,1635,1635,1634,1634,1634,1634,1634,1634,1634,1634,1634,1634,1634,
14308,14228,14328,14304,14848,19712,18012,7932,8196,7784,6528,8732,11584,15260,19644,21580,12184,10880,14596,14000,-6500,-6940,-7008,-6836,-4340,-1924,-16924,-20856,-15916,-9956,-2968,7516,7676,1928,-352,-14480,-15296,-7984,-6564,-6564,3680,3848,3768,3868,4836,7096,4480,76,-2940,-3584,-660,-1588,1032,6912,12696,12008,3492,4512,4752,6444,-430,69,-396,-360,-230,-517,3668,2490,-6460,-10369,-5440,-2843,-4733,-6432,6406,8648,913,3581,83,-433,272,-32,198,156,213,-2071,-10134,-8606,-8257,-608,2519,3676,12995,15431,4700,-7331,-3089,-156,-1045,671,-128,-533,-400,-361,-160,8893,9825,1575,-10429,-12811,-15548,-11828,-93,11500,15182,9764,-676,-5357,-1199,135,1891,1891,1891,1891,1891,1891,1890,1890,1891,1891,1891,1892,1892,1892,1894,1894,1892,1892,1893,1893,1505,1505,1505,1505,1505,1505,1504,1504,1505,1505,1505,1505,1504,1504,1504,1504,1504,1504,1504,1504,1580,1580,1580,1579,1580,1576,1578,1579,1580,1580,1580,1576,1572,1566,1567,1569,1571,1571,1571,1571,1580,1580,1580,1580,1580,1577,1575,1576,1578,1579,1578,1578,1577,1573,1574,1575,1575,1574,1576,1575,1640,1640,1641,1640,1641,1641,1641,1642,1642,1641,1640,1639,1639,1639,1640,1640,1641,1641,1641,1641,
13636,13340,13300,13360,14752,19024,16208,7924,5004,1108,5016,8692,12528,20720,19220,12196,10944,12272,12184,13884,-6440,-6336,-6284,-5956,-3336,-4724,-19696,-22676,-15000,-4772,4336,6740,3812,-1460,-12408,-14364,-12348,-9184,-7104,-6740,5712,5696,5240,5404,6104,11132,8196,1720,-4404,-6724,-1572,3364,8956,12268,9972,5224,4276,6116,7248,4772,-285,-251,-26,96,950,-1501,-2307,-4225,-6729,-6063,-3524,-10191,-2934,2722,5466,1750,437,-615,-1292,-644,-61,-147,274,284,179,-1392,-13013,-16534,-10633,1287,5621,14190,14335,13167,-1072,-3679,-2447,-689,294,-938,-528,-4,-386,6,253,13200,10617,-3571,-14469,-18543,-18137,605,15815,17357,10129,3904,-2449,-3236,-521,-1279,1893,1893,1893,1893,1893,1893,1888,1888,1889,1891,1891,1893,1892,1892,1895,1892,1892,1892,1892,1892,1500,1501,1501,1501,1501,1501,1499,1498,1499,1499,1500,1500,1500,1499,1500,1500,1500,1500,1500,1500,1565,1564,1564,1565,1565,1564,1562,1562,1562,1563,1563,1563,1562,1560,1563,1563,1564,1563,1563,1563,1569,1569,1569,1570,1570,1568,1560,1560,1563,1566,1567,1569,1568,1565,1569,1568,1569,1569,1569,1569,1647,1648,1647,1648,1647,1648,1648,1647,1646,1646,1644,1643,1641,1641,1643,1644,1644,1644,1644,1644,
13120,13036,12864,14940,19164,15920,8084,5160,3676,4648,11188,16404,14624,16460,17444,15808,11564,12016,13652,14432,-7388,-7360,-7444,-2760,-7580,-16256,-19496,-12860,872,6272,7724,8392,3496,452,-8684,-10044,-8800,-4368,-4980,-5060,6052,5816,5712,7372,11484,6896,4588,60,-2728,-1804,540,8448,10632,11480,11976,6688,4544,4212,5620,5552,-206,-330,92,231,-3575,4576,-2317,-7218,-7006,-6648,-8338,-14135,-6293,684,2569,-1730,1490,859,-343,326,133,1,326,61,655,-12511,-13526,-11563,-4560,-379,9670,19492,10649,5999,3302,-2355,-3835,-1067,481,1059,-290,-451,-589,706,10052,4866,-4807,-20293,-24219,-18273,-6086,13471,11869,10842,10985,6361,-119,-1033,964,-616,1894,1894,1894,1894,1892,1889,1889,1890,1891,1891,1892,1891,1892,1894,1894,1892,1892,1893,1893,1893,1496,1496,1496,1497,1495,1491,1492,1492,1492,1492,1492,1492,1491,1492,1492,1492,1492,1492,1493,1493,1563,1563,1563,1563,1562,1560,1560,1560,1560,1555,1547,1545,1544,1546,1548,1548,1548,1548,1548,1548,1573,1573,1573,1573,1568,1561,1560,1562,1564,1564,1564,1561,1559,1556,1557,1557,1557,1559,1559,1560,1642,1642,1642,1642,1642,1641,1642,1641,1640,1638,1636,1636,1637,1638,1639,1639,1639,1639,1639,1639,
12856,13176,14200,17356,12692,9820,6160,5312,7448,10076,15396,14132,14028,17576,9896,9364,9252,12496,12724,13928,-5508,-4852,-3240,-10080,-17292,-16712,-14288,-5148,3924,7156,3248,2328,2696,148,-17148,-12416,-7544,-6476,-6328,-6636,5956,6644,7572,13292,9552,5296,496,-1620,-1456,-1736,600,8768,12260,13348,11280,5424,6588,5616,6184,5972,247,2428,2960,-3625,-1052,-4729,-9558,-7123,-6340,-6304,-4858,761,2413,4776,-6250,1750,1357,130,-135,-698,237,350,417,-1028,-12316,-12474,-11094,-2207,2196,8151,15454,12154,8095,478,2017,-7409,-3054,-1748,-913,833,-341,1072,4341,12448,5293,-2788,-14563,-22311,-17587,-4434,4319,6708,9047,11585,13514,-3744,-2646,-1779,-1302,-460,1895,1895,1895,1893,1889,1890,1891,1891,1892,1892,1891,1891,1893,1894,1894,1891,1892,1893,1893,1893,1496,1496,1496,1495,1493,1493,1493,1494,1494,1494,1493,1494,1494,1494,1495,1494,1495,1494,1495,1495,1571,1571,1571,1570,1569,1568,1569,1569,1570,1563,1563,1563,1564,1564,1565,1564,1564,1564,1564,1564,1570,1570,1570,1567,1562,1562,1563,1566,1567,1568,1566,1566,1567,1567,1567,1565,1566,1567,1567,1567,1643,1643,1643,1643,1643,1643,1643,1641,1640,1638,1638,1638,1639,1640,1642,1642,1642,1642,1642,1642,
12396,13536,13592,16076,15808,16228,7776,5164,6872,4388,10568,17276,18196,19440,20224,14284,12140,12316,14120,14480,-6608,-6532,-6496,-5788,-12480,-17344,-18260,-11128,-460,5244,7580,2076,1704,1332,-7364,-13916,-5668,-5016,-4892,-5740,6216,6180,6688,11020,9476,3508,1020,-2624,-5640,-1520,3516,8416,9592,8812,10372,5644,-28,5568,4892,5604,-205,588,0,-978,-679,-3916,-4387,-9659,-8203,-8440,-7050,-3210,1543,3102,8708,-1765,4429,960,-124,139,-87,1060,-465,-1226,-6755,-11168,-12353,-9710,-930,4814,8481,6273,3235,5118,-2857,-7750,-4736,927,-869,1545,-215,727,1950,5490,10441,257,-12895,-18121,-17474,-11146,-2305,7743,9525,7961,9064,5701,-4274,-179,-152,1037,1895,1895,1895,1894,1891,1889,1889,1890,1891,1892,1891,1891,1893,1895,1895,1892,1892,1892,1893,1893,1495,1496,1495,1495,1494,1493,1493,1494,1493,1494,1494,1494,1494,1495,1495,1494,1494,1494,1494,1494,1564,1564,1565,1564,1563,1561,1561,1563,1562,1562,1561,1561,1562,1563,1563,1563,1563,1563,1564,1564,1569,1569,1568,1567,1563,1561,1561,1563,1564,1565,1564,1563,1565,1566,1567,1565,1567,1567,1568,1567,1644,1644,1645,1644,1644,1645,1645,1646,1645,1644,1644,1644,1643,1644,1644,1643,1644,1644,1644,1644,
-564,-600,-532,-524,-668,-4436,24416,14432,15596,23212,-6176,-1956,-2156,124,-1420,-1576,-1556,-1080,-1260,-1072,-2500,-2516,-2616,-2764,-2608,-4104,-3780,-1176,-2716,-4744,-80,2356,-4784,-3048,-2444,-2452,-2816,-2684,-2256,-2160,14884,14744,14756,14740,15068,12960,5272,-876,828,-1452,1180,20592,14260,14612,15276,15240,14800,14848,14636,14652,-142,-226,-313,-294,-68,-7320,-6604,-2697,-1145,5950,13155,-2050,1186,739,234,-216,-761,-590,-686,-241,115,344,145,9,501,-32768,-32768,-7939,859,29760,32767,-21114,2000,3224,658,335,252,676,-145,1000,-336,-538,-391,-315,-459,-4107,-1260,-2162,951,6866,13873,-3056,-440,-1815,-200,-244,-28,-371,-623,-845,1895,1895,1895,1896,1896,1895,1891,1891,1892,1893,1895,1893,1894,1895,1895,1895,1895,1895,1895,1895,1504,1504,1504,1504,1504,1504,1500,1499,1499,1500,1504,1505,1506,1506,1506,1507,1507,1507,1507,1507,1574,1575,1575,1575,1575,1584,1516,1516,1518,1526,1579,1573,1573,1573,1573,1574,1574,1573,1574,1574,1602,1602,1601,1601,1602,1600,1530,1517,1522,1564,1600,1605,1605,1606,1607,1607,1607,1607,1607,1607,1646,1646,1646,1646,1646,1649,1640,1641,1643,1639,1642,1641,1641,1641,1641,1641,1641,1641,1640,1641,
-980,-1008,-1036,-1460,-7112,17244,14800,16648,22960,-5860,1280,-1364,-908,-636,-884,-1312,-1184,-1148,-864,-1404,-2604,-2464,-2600,-2512,-6272,-4256,-684,-5172,-6476,-3844,-1268,-1716,-2160,-2464,-2212,-2336,-2600,-2400,-2304,-2512,14804,14712,14852,15144,14140,-1484,-3580,-440,-1180,9024,20256,13632,14588,15304,14956,14520,14916,14776,14524,15000,-169,-175,-57,223,-5670,35,91,801,13396,23490,-3258,-881,735,-556,-849,-553,-370,-687,-295,158,-63,96,520,603,-32768,-32768,-3086,3249,32767,32767,-9948,-1668,2519,234,-856,47,373,208,414,939,-199,-359,-283,-318,-9258,-5624,-1787,549,11508,-8111,-2632,-2177,-532,-385,-831,-498,-429,-914,-356,119,1896,1896,1896,1896,1896,1890,1892,1893,1893,1896,1895,1895,1895,1895,1895,1896,1896,1896,1895,1896,1510,1510,1510,1510,1509,1504,1502,1502,1506,1509,1509,1509,1510,1510,1510,1510,1511,1510,1510,1510,1575,1576,1576,1576,1586,1524,1525,1528,1546,1580,1579,1579,1578,1578,1579,1579,1579,1579,1579,1579,1608,1608,1609,1609,1609,1544,1523,1531,1596,1606,1607,1607,1607,1607,1607,1607,1608,1608,1608,1608,1648,1648,1648,1647,1647,1635,1638,1640,1630,1639,1638,1638,1638,1638,1638,1638,1638,1638,1638,1637,
-1544,-1052,-976,-1352,-1880,-3004,13164,14452,16564,16024,20224,2504,-12720,-3708,-2748,-3624,-2556,-1940,-2128,-1984,-2416,-2536,-2508,-2532,-2164,-9928,-2980,-204,-4180,-2956,-4756,1148,1400,-2816,-1812,-2876,-2428,-2368,-2380,-2212,14792,14976,14420,14624,15328,16780,-3560,-5396,-788,-1224,-1940,-2072,15988,14068,15048,15456,14788,14540,14436,14944,-277,-257,-249,12,-123,7980,845,-1892,375,604,3880,13789,-3576,1662,-1496,-23,-638,-603,-183,34,407,25,31,132,312,-32768,-30865,-3282,3091,2401,14817,32767,-1730,-3182,-107,-1019,469,-671,617,160,-585,-193,-427,-372,-438,-4056,-10743,-3850,2423,813,4183,15510,-9678,3642,-3369,545,-1054,-513,-700,-284,1896,1896,1896,1896,1896,1893,1889,1887,1888,1888,1889,1897,1899,1899,1899,1899,1900,1899,1900,1900,1511,1512,1512,1512,1512,1511,1504,1503,1504,1504,1504,1509,1511,1511,1512,1512,1512,1512,1512,1512,1579,1580,1580,1580,1580,1584,1514,1518,1522,1523,1525,1569,1591,1586,1586,1585,1585,1585,1585,1585,1608,1608,1608,1609,1609,1600,1523,1513,1521,1524,1553,1603,1607,1608,1608,1608,1608,1608,1608,1608,1637,1637,1637,1637,1638,1643,1633,1635,1637,1637,1634,1634,1639,1639,1638,1638,1638,1638,1638,1638,
-1524,-1596,-1728,-4104,8544,13960,16048,15952,22120,-4404,-8912,-6552,-1704,-2580,-2608,-2620,-2680,-3532,-1708,-2756,-2752,-2716,-2580,-1404,-4824,-736,-3536,-4968,-4628,-3876,-4576,-3388,-1412,-3172,-2924,-2248,-2756,-3040,-3496,-3392,14588,14568,14812,13348,18312,-5692,-76,-80,2332,3600,21124,14440,13772,14856,14800,14212,14988,14416,13456,14968,-172,-263,-237,-3335,-14005,-905,-1447,-482,8970,17530,-3126,-4477,-562,741,-660,-905,-41,-1817,-1191,-399,60,173,205,-6200,-32768,-15099,2878,2186,32767,32767,12774,-15009,1283,-470,-42,-650,770,-1088,-262,408,-152,-360,-429,-790,-3448,-5831,3294,674,6880,6311,587,-3902,-1586,927,-1648,-552,20,-1206,-445,-571,1899,1899,1899,1899,1894,1888,1888,1889,1888,1896,1900,1899,1900,1900,1900,1900,1900,1900,1900,1900,1513,1513,1514,1514,1508,1505,1505,1505,1507,1511,1512,1513,1513,1513,1513,1513,1513,1513,1513,1513,1585,1585,1585,1586,1513,1510,1521,1524,1527,1569,1577,1576,1576,1576,1576,1575,1576,1576,1575,1576,1609,1610,1609,1609,1577,1536,1538,1543,1588,1605,1607,1607,1607,1608,1608,1608,1608,1608,1608,1608,1637,1637,1636,1638,1623,1624,1629,1629,1622,1632,1635,1635,1635,1636,1636,1635,1636,1636,1635,1636,
-1832,-1556,-1572,-4936,22228,14220,14868,16496,22268,-3228,-8428,-6180,-1468,-2112,-1912,-1976,-1732,-1308,-1900,-1840,-3008,-2724,-2876,-7012,-3808,-2576,-4500,-2952,-6108,-1344,1204,-3928,-1496,-3060,-2464,-2220,-2480,-3104,-2944,-2728,15116,14696,14644,12840,2112,-2504,-1528,-516,-1608,1176,21412,12892,13972,14780,15012,14356,15164,14200,14860,14668,-73,-105,-289,-8476,-5955,-1838,-724,-1224,6619,12337,-2358,-3464,-1807,-593,-1005,-325,555,-519,517,491,316,201,49,-32768,-32768,-6261,-95,1970,26539,32767,-802,-9240,1564,-2352,-1043,-233,1140,-1154,-682,665,-389,-420,-596,-5839,-1468,-5245,1974,1223,6407,18164,-2481,-1355,-1542,-1056,-1573,-1266,-131,-212,-210,-414,1900,1900,1900,1900,1873,1872,1873,1875,1875,1895,1901,1901,1901,1902,1901,1902,1902,1902,1902,1902,1513,1513,1513,1513,1501,1497,1498,1498,1500,1508,1511,1512,1512,1512,1512,1513,1512,1513,1513,1513,1576,1577,1576,1585,1513,1515,1519,1521,1520,1560,1584,1582,1582,1581,1581,1581,1581,1581,1581,1580,1609,1609,1609,1609,1508,1491,1500,1505,1562,1601,1608,1607,1608,1608,1608,1608,1608,1608,1608,1608,1634,1634,1633,1639,1630,1632,1636,1636,1628,1633,1637,1637,1637,1637,1636,1636,1636,1636,1636,1636,
-1184,-1404,-1220,-1204,-2656,7052,13596,16248,16588,15932,24644,-6204,1456,-612,-460,-1468,-1052,-540,-992,-772,-2836,-3008,-2716,-3108,-1916,-172,-1348,-3772,-4948,-4092,-7476,-3840,-188,-724,-2716,-3072,-2900,-2996,-3300,-3256,14816,14672,14904,14768,13320,18392,-4564,-648,-128,32,268,2436,24980,11736,14740,15096,15308,14588,14684,14612,-51,-410,-139,-246,-3595,-15170,-1677,-1349,-1162,713,6974,20966,-13941,-117,317,-298,-1478,-394,-629,137,513,-389,384,-14,-4305,-32768,-18440,801,441,3564,32767,32767,-28010,3397,5180,1331,-3132,398,-629,237,-44,-535,-257,-250,-644,-11602,-7279,2367,-480,777,8220,8305,-5107,-931,1487,-487,-531,-1006,-216,-436,1903,1903,1903,1903,1903,1889,1879,1880,1881,1881,1884,1900,1902,1901,1902,1902,1901,1902,1902,1902,1513,1513,1514,1513,1514,1508,1500,1501,1501,1501,1505,1510,1512,1512,1512,1513,1513,1513,1513,1513,1579,1580,1580,1580,1581,1538,1505,1509,1513,1515,1527,1585,1575,1572,1573,1574,1575,1575,1575,1575,1609,1609,1609,1609,1609,1559,1504,1511,1516,1522,1580,1605,1609,1609,1610,1610,1609,1609,1609,1609,1641,1641,1641,1641,1641,1638,1635,1638,1640,1639,1630,1637,1636,1636,1637,1637,1638,1638,1638,1638,
-3764,-3624,-3560,-3496,-3444,-3652,-3640,-3564,-3632,-3528,-3564,-3544,-3536,-3412,-3324,-3416,-3448,-3200,-3232,-3172,-4340,-4276,-4216,-4368,-4332,-4308,-4208,-4288,-4312,-4344,-4340,-4268,-4352,-4540,-4316,-4568,-4528,-4516,-4552,-4692,13852,14104,13968,14036,14004,13784,13756,14000,14032,14072,13960,13780,13832,13888,13964,13872,13956,13784,13820,13932,-344,-269,-331,-205,-109,-213,-118,-90,-294,-264,-402,-337,-106,-781,14,-243,-429,-760,-450,-292,120,253,274,174,-207,-448,-188,-172,174,321,273,-334,-250,-777,144,280,256,-540,-1264,-94,-441,-391,-457,-481,-502,-521,-611,-536,-461,-423,-414,-536,-559,-427,-614,-433,-437,-560,-622,-467,1926,1925,1926,1926,1926,1926,1926,1926,1926,1926,1926,1927,1926,1927,1926,1926,1926,1926,1926,1926,1513,1513,1512,1513,1513,1513,1513,1513,1513,1513,1513,1513,1513,1513,1513,1513,1513,1513,1513,1513,1583,1583,1584,1584,1584,1583,1584,1583,1583,1583,1584,1584,1584,1583,1584,1583,1582,1583,1583,1583,1601,1601,1601,1601,1601,1602,1602,1601,1601,1602,1602,1602,1602,1602,1602,1602,1602,1602,1603,1603,1626,1626,1626,1626,1626,1626,1626,1626,1626,1626,1626,1625,1626,1625,1625,1626,1626,1625,1625,1625,
-2372,-2624,-2688,-2540,-2512,-2568,-2624,-2672,-2628,-2712,-2568,-2592,-2596,-2596,-2528,-2600,-2552,-2680,-2648,-2632,-3560,-4664,-4480,-4452,-4436,-4356,-4264,-4320,-4384,-4644,-4500,-4496,-4664,-4496,-4432,-4360,-4332,-4640,-4588,-4440,14584,14060,14056,14176,14312,14236,14096,14132,14116,14112,14064,14152,14096,14172,14212,14088,14264,14060,14028,14172,-418,-319,-284,-302,-194,-41,-218,-147,-84,-294,-507,-228,-33,-55,-149,-151,-120,-292,-347,-176,339,298,252,47,-15,-263,-6,-20,-60,201,308,88,-189,-169,42,0,-78,134,100,13,-766,-481,-415,-413,-456,-459,-507,-564,-533,-454,-441,-420,-470,-531,-527,-516,-499,-439,-440,-466,1928,1927,1927,1928,1927,1927,1927,1928,1927,1927,1927,1927,1928,1928,1928,1927,1927,1928,1927,1928,1511,1511,1511,1511,1511,1511,1511,1511,1511,1511,1511,1511,1511,1511,1511,1511,1511,1511,1511,1511,1571,1571,1571,1571,1571,1571,1571,1571,1571,1571,1571,1571,1571,1571,1571,1571,1572,1571,1572,1572,1599,1599,1599,1600,1600,1599,1599,1599,1600,1599,1599,1600,1600,1599,1600,1600,1600,1600,1600,1600,1612,1612,1612,1613,1613,1613,1613,1613,1613,1613,1613,1613,1613,1613,1614,1613,1613,1613,1613,1613,
-2584,-2540,-2536,-2508,-2600,-2552,-2560,-2660,-2552,-2560,-2568,-2500,-2628,-2460,-2568,-2524,-2552,-2620,-2520,-2592,-4720,-4616,-4720,-4676,-4772,-4676,-4776,-4848,-4708,-4728,-4784,-4796,-4680,-4708,-4800,-4628,-5132,-4728,-4716,-4796,14068,14216,14100,14060,14104,14052,14004,14072,14172,13956,14180,14052,14056,14128,13904,14124,14580,14136,14120,14124,-187,-260,-269,-362,-347,-237,-274,-204,-224,-372,-322,-297,-233,-255,-222,-116,-735,-278,-257,-421,19,16,53,64,115,-11,74,26,19,127,127,105,79,94,10,-126,92,-39,91,217,-484,-474,-510,-465,-440,-482,-453,-442,-467,-450,-449,-432,-478,-459,-485,-501,-379,-546,-489,-460,1927,1927,1927,1927,1927,1927,1927,1927,1927,1927,1926,1927,1927,1927,1926,1927,1927,1927,1928,1927,1511,1512,1511,1512,1512,1512,1512,1512,1512,1512,1511,1512,1512,1512,1512,1511,1512,1512,1512,1512,1575,1575,1575,1576,1576,1576,1575,1575,1575,1575,1575,1575,1575,1575,1575,1575,1575,1575,1576,1575,1601,1601,1601,1601,1601,1601,1601,1601,1601,1601,1601,1600,1600,1601,1600,1600,1601,1601,1601,1601,1616,1616,1616,1616,1616,1616,1616,1616,1617,1616,1616,1616,1616,1616,1616,1616,1616,1616,1616,1616,
-2328,-2376,-2300,-2408,-2360,-2396,-2360,-2308,-2340,-2372,-2364,-2372,-2372,-2244,-2432,-2400,-2452,-2232,-2424,-2432,-4920,-4628,-4516,-4864,-4868,-4740,-4620,-4812,-4896,-4708,-4860,-4852,-4768,-4692,-4792,-4720,-4840,-4784,-4760,-4760,13900,14188,14008,14056,14004,14128,14124,14200,14156,14036,14096,14160,14092,13988,13992,14072,14204,14120,14116,13980,-370,-58,-194,-427,-242,-165,-358,-245,-396,-310,-305,-341,-187,-193,-302,-333,-343,-168,-230,-103,63,-125,51,174,150,-97,32,97,213,169,140,128,27,6,17,101,141,93,102,28,-403,-521,-496,-399,-578,-526,-359,-454,-346,-413,-439,-476,-506,-522,-472,-424,-430,-435,-446,-533,1927,1927,1927,1927,1927,1927,1927,1927,1927,1927,1927,1927,1927,1927,1927,1927,1927,1927,1927,1927,1511,1512,1512,1512,1512,1512,1512,1512,1512,1512,1512,1512,1512,1512,1512,1512,1512,1512,1512,1512,1576,1575,1576,1576,1576,1576,1576,1576,1576,1576,1576,1576,1576,1577,1576,1577,1577,1577,1577,1577,1603,1603,1603,1603,1603,1603,1603,1604,1603,1603,1603,1603,1603,1603,1603,1604,1604,1604,1604,1604,1616,1616,1617,1617,1617,1617,1617,1617,1617,1617,1617,1617,1617,1617,1617,1617,1617,1617,1617,1617,
-2400,-2388,-2448,-2444,-2448,-2356,-2408,-2228,-2404,-2488,-2336,-2444,-2468,-2488,-2512,-2492,-2424,-2444,-2444,-2348,-4856,-4692,-4856,-4660,-4692,-4864,-4800,-4848,-4808,-4936,-4964,-4812,-4796,-4772,-4848,-4868,-4796,-4816,-4908,-4752,14052,14124,14216,14016,14148,13892,14084,14296,14260,14028,14020,13984,14020,13920,13848,14028,14024,14024,13872,14060,-223,-268,-326,-282,-260,-308,-304,-242,-104,-247,-350,-221,-297,-210,-311,-220,-328,-380,-294,-209,82,-14,86,161,35,77,89,361,15,3,112,28,74,91,59,3,116,152,102,97,-471,-443,-462,-487,-447,-420,-469,-477,-509,-404,-460,-494,-452,-481,-484,-444,-441,-443,-464,-505,1927,1927,1927,1927,1927,1927,1927,1927,1927,1927,1927,1927,1927,1927,1927,1927,1927,1927,1927,1927,1513,1513,1513,1513,1513,1513,1513,1513,1513,1513,1513,1513,1513,1513,1513,1513,1513,1513,1513,1513,1577,1577,1577,1577,1578,1577,1577,1577,1578,1578,1578,1578,1578,1578,1578,1578,1578,1578,1578,1578,1604,1605,1605,1605,1605,1604,1605,1605,1605,1605,1605,1605,1605,1605,1605,1605,1605,1605,1605,1605,1617,1618,1618,1617,1617,1617,1617,1618,1617,1617,1617,1617,1618,1617,1617,1617,1618,1617,1617,1618,
-2496,-2468,-2428,-2388,-2496,-2336,-2432,-2416,-2332,-2024,-2148,-2228,-2380,-2460,-2316,-2348,-2444,-2492,-2524,-2444,-4848,-4948,-4764,-4764,-4628,-4716,-4080,-4652,-4792,-4524,-4796,-4836,-4772,-4620,-4688,-4520,-4536,-4828,-4708,-4532,13808,13956,14072,14008,14044,14056,13812,14092,13936,14380,14104,14188,14152,14156,14056,14148,14120,14144,14092,14184,-481,-388,-223,-313,-205,-266,-1464,-451,-299,-201,-287,-264,66,-124,-274,-158,-305,-267,-312,-335,224,188,81,57,35,-59,531,180,128,89,57,56,54,37,216,122,109,115,167,6,-395,-441,-448,-515,-458,-516,-370,-409,-483,-386,-444,-474,-322,-348,-350,-551,-483,-537,-496,-522,1927,1927,1927,1927,1927,1927,1927,1927,1927,1927,1927,1927,1927,1927,1927,1927,1927,1927,1927,1927,1513,1513,1513,1513,1513,1513,1513,1513,1513,1513,1513,1513,1513,1513,1513,1513,1513,1513,1513,1513,1578,1578,1578,1578,1578,1578,1578,1578,1578,1578,1578,1578,1578,1578,1578,1578,1578,1578,1578,1578,1606,1606,1605,1605,1606,1605,1605,1606,1605,1606,1605,1605,1606,1605,1606,1605,1605,1605,1605,1606,1617,1617,1617,1617,1618,1617,1617,1617,1617,1618,1617,1617,1617,1617,1618,1617,1617,1618,1618,1617,
-2268,-2152,-2320,-2300,-1744,-2376,-2432,-2244,-2100,-2224,-2176,-2456,-2264,-2544,-2232,-2232,-2316,-1604,-2136,-1936,-4964,-5016,-4700,-4876,-3652,-4628,-4892,-5076,-5308,-5264,-5400,-5552,-5264,-5796,-5220,-5272,-4904,-4572,-4520,-4740,14172,13876,14244,14136,14284,13936,14000,14112,13900,13840,13800,13620,13948,13940,14084,13828,13900,14008,14096,13928,-71,-163,-137,-94,203,-539,-834,-197,-255,-138,-486,-169,-227,-590,-291,-167,-45,300,479,-489,110,150,-134,-117,-392,-290,-27,99,21,-44,-37,-71,-30,132,275,237,165,474,-798,-103,-339,-529,-496,-515,-422,-404,-281,-447,-606,-618,-731,-504,-572,-507,-531,-435,-471,-157,-499,-695,1927,1927,1927,1927,1927,1927,1927,1927,1927,1927,1927,1927,1927,1926,1927,1927,1927,1927,1927,1927,1513,1513,1513,1513,1513,1513,1513,1513,1513,1513,1513,1513,1513,1512,1513,1513,1513,1513,1513,1513,1575,1576,1575,1575,1574,1572,1567,1564,1565,1565,1566,1568,1569,1568,1568,1569,1570,1577,1576,1575,1606,1606,1606,1606,1606,1606,1606,1606,1606,1606,1606,1606,1606,1606,1606,1606,1606,1607,1607,1607,1617,1617,1617,1617,1616,1615,1614,1613,1612,1613,1613,1613,1613,1613,1613,1614,1614,1615,1616,1616,
-2304,-2276,-2116,-2112,-1976,-2244,-2020,-2044,-2200,-2184,-2144,-2216,-2056,-2136,-2028,-1888,-2048,-1964,-2188,-2196,-5200,-5060,-4660,-4936,-4908,-5376,-5260,-5216,-5460,-5116,-5092,-5160,-5312,-5568,-5104,-5020,-5648,-5244,-5128,-4688,13968,13960,13864,14048,14060,14020,13976,13952,14004,14000,14024,13904,14012,13916,13924,13968,13844,13900,13976,14048,-217,-101,-140,-146,-275,-388,-574,-261,-311,-298,-344,-14,-475,-514,-321,-336,-462,-423,-296,-90,99,112,115,21,-40,61,266,63,44,-52,51,167,28,89,-47,90,137,118,42,121,-380,-486,-437,-347,-553,-519,-404,-523,-524,-455,-405,-534,-577,-628,-376,-380,-444,-313,-431,-359,1926,1927,1926,1926,1927,1927,1927,1926,1927,1927,1927,1927,1927,1927,1927,1927,1927,1927,1927,1927,1514,1514,1514,1514,1514,1514,1514,1514,1514,1514,1514,1514,1514,1514,1514,1514,1514,1514,1514,1514,1577,1577,1577,1577,1577,1576,1577,1577,1576,1577,1577,1577,1577,1577,1577,1576,1576,1576,1576,1577,1608,1608,1608,1608,1608,1608,1608,1608,1608,1608,1608,1608,1608,1608,1608,1608,1608,1608,1608,1609,1617,1617,1616,1616,1616,1615,1617,1617,1616,1616,1617,1617,1617,1616,1617,1617,1617,1617,1616,1617,
-2020,-2060,-2084,-2360,-2160,-2200,-2144,-2204,-2112,-2192,-2048,-2128,-2120,-2040,-2076,-2112,-2032,-2028,-2040,-2084,-5192,-5320,-5240,-5484,-5164,-5244,-5224,-5200,-5104,-5132,-5176,-5136,-5276,-5212,-5208,-5204,-5124,-5208,-5228,-5148,13932,13992,14032,13816,14016,13984,14096,13972,14128,13936,14068,13908,13892,13912,14000,13876,13944,13884,13984,14156,-341,-278,-152,-267,-158,-265,-368,-269,-276,-361,-174,-266,-322,-307,-216,-205,-229,-239,-251,-222,153,-5,54,392,61,47,55,64,60,37,32,84,103,53,84,13,8,31,116,58,-399,-473,-496,-443,-472,-494,-459,-452,-450,-392,-465,-461,-434,-437,-467,-463,-473,-486,-448,-452,1927,1927,1927,1927,1927,1927,1927,1927,1927,1927,1927,1927,1927,1927,1927,1927,1927,1927,1927,1927,1514,1514,1514,1514,1514,1514,1515,1514,1514,1514,1514,1515,1514,1514,1515,1515,1514,1515,1515,1514,1577,1577,1578,1577,1577,1577,1578,1577,1577,1577,1577,1578,1578,1577,1577,1578,1577,1578,1578,1577,1609,1609,1609,1609,1609,1609,1609,1609,1609,1609,1609,1609,1608,1609,1609,1608,1609,1608,1609,1609,1616,1616,1616,1616,1616,1616,1616,1616,1616,1616,1616,1616,1616,1616,1616,1617,1616,1616,1616,1616,
-2056,-2076,-2032,-2088,-2036,-1972,-2040,-2020,-2084,-2048,-2060,-2172,-2140,-2088,-2132,-2080,-2096,-2168,-2092,-1956,-5372,-5168,-5212,-5296,-5376,-5200,-5156,-5304,-5124,-5188,-5184,-5400,-5312,-5184,-5364,-5360,-5236,-5376,-5440,-5236,13908,13964,13932,13928,13824,13856,14004,13980,13952,13884,13732,13904,13824,13952,14080,13988,13828,14064,13900,13552,-346,-214,-284,-324,-249,-282,-217,-188,-265,-242,-217,-228,-322,-225,-144,-255,-320,-368,-353,-63,-24,109,50,94,58,92,-31,78,41,41,76,64,133,27,45,29,117,42,120,-76,-487,-506,-467,-491,-443,-438,-514,-497,-467,-486,-513,-448,-452,-470,-539,-465,-428,-383,-420,-616,1927,1927,1927,1927,1927,1927,1927,1927,1927,1927,1927,1927,1927,1927,1926,1927,1927,1927,1926,1927,1515,1515,1515,1515,1515,1515,1515,1515,1515,1515,1515,1515,1515,1515,1515,1515,1515,1515,1515,1515,1577,1576,1577,1576,1576,1576,1576,1576,1577,1576,1576,1576,1576,1576,1576,1576,1576,1576,1577,1576,1609,1609,1609,1609,1608,1609,1608,1608,1608,1609,1608,1608,1609,1608,1608,1608,1608,1608,1609,1609,1617,1616,1617,1617,1617,1616,1616,1617,1616,1617,1616,1616,1616,1616,1616,1616,1617,1616,1617,1617,
-2040,-2176,-2204,-2120,-2068,-1996,-2036,-2044,-2072,-2056,-2092,-1976,-1980,-2056,-2012,-2168,-2104,-2092,-2092,-2004,-5220,-5080,-5124,-4996,-5160,-5212,-5232,-5104,-5168,-5112,-5200,-5188,-5240,-5208,-5204,-5124,-5184,-5224,-5220,-5136,13972,14128,14048,13884,14008,13852,14092,14060,13780,13940,13916,13928,13828,13920,13992,13928,13900,13908,13936,14020,-189,-143,-234,-191,-264,-204,-233,-199,-290,-281,-172,-241,-328,-247,-250,-166,-110,-248,-295,-291,-49,96,12,-63,20,92,-40,7,98,77,16,22,102,53,38,-41,12,61,116,130,-548,-517,-481,-510,-472,-457,-468,-461,-484,-471,-474,-470,-463,-426,-477,-458,-477,-483,-441,-432,1926,1926,1926,1926,1926,1927,1926,1926,1927,1927,1927,1927,1926,1927,1927,1926,1927,1927,1927,1927,1515,1515,1515,1514,1515,1515,1515,1515,1515,1515,1515,1515,1515,1515,1515,1514,1515,1515,1515,1515,1575,1575,1575,1575,1575,1576,1576,1576,1576,1576,1576,1576,1576,1576,1576,1576,1575,1575,1575,1575,1608,1609,1609,1609,1609,1609,1609,1609,1609,1609,1609,1609,1609,1609,1609,1609,1609,1609,1609,1609,1616,1616,1616,1615,1616,1616,1616,1616,1616,1616,1616,1616,1616,1616,1616,1616,1616,1616,1616,1616,
-1972,-2052,-1860,-2028,-2064,-2256,-2072,-2004,-1992,-2120,-1888,-1904,-2144,-2028,-2160,-2140,-2092,-2004,-2064,-2012,-5272,-5244,-5208,-5188,-5080,-5136,-5176,-5320,-5208,-5336,-4820,-4992,-5280,-5180,-5304,-5192,-5248,-5200,-5192,-5336,13728,14004,13880,13900,13960,13748,13996,13908,14140,13884,14204,13848,13800,13932,13916,13924,13948,13880,13868,14084,-250,-119,-140,-317,-285,-351,-328,-332,-221,-86,-138,-68,-313,-159,-251,-259,-314,-333,-301,-181,92,-8,-3,33,82,126,133,124,101,-81,-101,48,58,16,133,77,15,122,111,49,-489,-460,-484,-475,-522,-397,-424,-439,-475,-471,-391,-262,-432,-500,-493,-477,-468,-465,-447,-472,1927,1927,1926,1927,1927,1926,1926,1927,1927,1927,1926,1926,1926,1926,1926,1926,1926,1926,1926,1926,1515,1515,1515,1515,1515,1515,1514,1515,1515,1515,1515,1515,1515,1515,1515,1515,1515,1515,1515,1515,1575,1576,1576,1575,1576,1575,1576,1576,1576,1576,1576,1576,1576,1576,1576,1576,1576,1576,1575,1576,1609,1609,1609,1609,1609,1609,1609,1609,1609,1609,1609,1609,1609,1609,1609,1609,1609,1609,1609,1609,1616,1616,1616,1616,1616,1616,1616,1616,1616,1616,1616,1616,1616,1616,1616,1616,1616,1616,1616,1617,
-1952,-1748,-1988,-2024,-2056,-1940,-2008,-1932,-1880,-1952,-2004,-1792,-1904,-1916,-1964,-1928,-1964,-1912,-1924,-2032,-4972,-5360,-5156,-5252,-5336,-5128,-5308,-5160,-5048,-5384,-5576,-5264,-5344,-5288,-5164,-5396,-5308,-5196,-5172,-5256,13912,14032,14008,14044,13928,14084,13988,14080,14064,13868,13932,14000,14016,14008,14084,13984,13848,13864,13996,14048,-102,-175,-369,-340,-272,-300,-361,-389,-388,-505,-460,-447,-209,-146,-171,-364,-226,-222,-283,-220,56,-45,162,42,27,159,146,206,201,220,205,204,142,3,11,62,-3,152,78,94,-561,-409,-454,-475,-444,-447,-434,-403,-445,-368,-416,-429,-515,-497,-473,-371,-477,-480,-504,-494,1926,1926,1926,1927,1926,1926,1926,1926,1926,1926,1926,1926,1926,1926,1927,1927,1926,1926,1926,1926,1515,1515,1515,1515,1515,1515,1515,1515,1515,1515,1515,1515,1515,1515,1515,1515,1515,1515,1515,1515,1575,1575,1575,1575,1575,1575,1575,1575,1575,1575,1575,1575,1575,1575,1575,1575,1575,1575,1575,1575,1609,1609,1609,1609,1609,1609,1609,1609,1609,1609,1609,1609,1609,1609,1609,1609,1609,1609,1609,1609,1616,1616,1616,1616,1616,1616,1616,1616,1616,1616,1616,1616,1616,1616,1616,1616,1616,1616,1616,1616,
-2044,-2044,-2076,-2100,-1960,-2068,-2024,-2040,-2104,-1964,-1988,-2096,-1984,-2060,-1896,-2060,-1944,-2088,-1920,-2000,-5304,-5208,-5116,-5380,-5236,-5200,-5196,-5208,-5248,-5160,-5268,-5256,-5172,-5284,-5228,-5264,-5292,-5196,-5180,-5336,13812,13976,13924,13792,14020,13928,14040,13872,13892,13788,14024,13844,14000,13984,14108,13832,14016,14036,13992,13940,-281,-116,-271,-335,-192,-209,-226,-255,-271,-216,-223,-273,-232,-270,-209,-285,-235,-258,-211,-260,102,-45,112,91,23,-7,19,34,96,49,45,79,86,37,63,67,68,74,20,106,-508,-504,-478,-476,-450,-488,-482,-482,-513,-475,-474,-483,-492,-475,-493,-481,-492,-486,-468,-459,1922,1923,1923,1923,1923,1923,1923,1923,1923,1923,1923,1923,1923,1923,1923,1923,1923,1923,1923,1923,1515,1515,1515,1515,1515,1515,1515,1515,1515,1515,1515,1515,1515,1515,1515,1515,1515,1515,1515,1515,1576,1575,1575,1576,1575,1576,1575,1576,1575,1575,1576,1575,1575,1575,1576,1575,1576,1575,1575,1575,1610,1609,1609,1610,1609,1610,1610,1609,1609,1609,1609,1610,1610,1609,1610,1609,1609,1609,1609,1610,1616,1616,1616,1616,1616,1616,1616,1616,1616,1616,1616,1616,1616,1616,1616,1616,1616,1616,1616,1616,
-2004,-1928,-2032,-1900,-2048,-2012,-1988,-1972,-1968,-1944,-1936,-1940,-2036,-1936,-2068,-2052,-2060,-1904,-1996,-1916,-5368,-5392,-5348,-5392,-5312,-5248,-5348,-5344,-5324,-5208,-5260,-5200,-5216,-5272,-5244,-5340,-5408,-5360,-5320,-5328,13984,14044,13828,13760,14084,13864,14020,13792,13912,13852,13872,13948,14008,13900,13828,14032,13776,13816,13876,13856,-241,-232,-261,-234,-218,-209,-218,-334,-308,-207,-204,-215,-255,-287,-309,-262,-329,-283,-269,-214,48,45,33,97,13,-2,19,120,88,38,48,55,38,78,119,66,25,59,42,19,-448,-455,-482,-472,-444,-508,-452,-449,-445,-483,-482,-445,-471,-448,-470,-473,-429,-450,-484,-491,1923,1923,1923,1923,1923,1923,1923,1923,1923,1923,1923,1923,1923,1923,1923,1923,1923,1923,1923,1923,1515,1515,1514,1514,1515,1515,1514,1515,1515,1515,1515,1515,1515,1515,1515,1515,1515,1515,1515,1515,1576,1575,1574,1576,1575,1576,1575,1575,1575,1576,1575,1575,1576,1576,1576,1575,1575,1575,1576,1576,1610,1610,1609,1610,1609,1609,1609,1610,1610,1610,1610,1610,1610,1610,1610,1610,1610,1610,1610,1610,1616,1616,1616,1616,1616,1616,1615,1616,1616,1616,1616,1616,1616,1616,1616,1616,1616,1616,1616,1616,
-1932,-1940,-1904,-1956,-1912,-1932,-1892,-1888,-1908,-1872,-1912,-1996,-1948,-1828,-1936,-2052,-1852,-1824,-1732,-1900,-5272,-5360,-5328,-5200,-5352,-5264,-5292,-5184,-5316,-5296,-5336,-5200,-5244,-5092,-5372,-5440,-5072,-4924,-5152,-5408,13900,13944,13896,14096,13964,13928,13932,14020,13904,13928,13692,13852,14020,13984,13876,13924,13868,13788,14364,13896,-236,-275,-243,-272,-308,-283,-312,-202,-236,-336,-329,-260,-182,-285,-284,-176,-339,-456,-369,-218,33,52,82,-34,86,61,52,13,33,107,40,91,21,37,38,95,90,139,46,64,-467,-450,-502,-448,-439,-442,-475,-529,-510,-461,-408,-448,-501,-492,-485,-578,-399,-335,-440,-467,1923,1923,1923,1923,1923,1923,1923,1923,1923,1923,1923,1923,1923,1923,1923,1923,1923,1923,1923,1923,1515,1515,1515,1515,1515,1515,1515,1515,1515,1515,1515,1515,1515,1515,1515,1515,1515,1515,1516,1516,1575,1575,1575,1575,1575,1575,1575,1575,1575,1575,1575,1575,1575,1575,1575,1575,1575,1575,1575,1575,1609,1609,1609,1610,1609,1609,1609,1609,1609,1609,1610,1610,1610,1610,1610,1609,1609,1610,1610,1610,1616,1616,1616,1616,1617,1616,1616,1616,1616,1616,1616,1616,1616,1616,1616,1616,1616,1617,1616,1616,
-1964,-1896,-1856,-1816,-1812,-1908,-1856,-1912,-1844,-1924,-1924,-1908,-1852,-1860,-1952,-1828,-1952,-1836,-1944,-1912,-5292,-5220,-5264,-5228,-5192,-5200,-5192,-5184,-5260,-5216,-5176,-5272,-5236,-5180,-5268,-5224,-5224,-5228,-5272,-5336,13892,14084,14016,14052,14132,13716,14032,13836,13932,13980,14028,13984,13988,14120,13956,14040,14060,13872,13948,13940,-333,-200,-108,-307,-317,-343,-281,-226,-218,-223,-239,-282,-312,-222,-245,-193,-235,-253,-312,-232,75,76,40,130,75,176,93,70,51,53,91,40,138,9,119,8,102,81,134,24,-484,-490,-508,-479,-438,-475,-456,-485,-521,-460,-507,-455,-439,-471,-482,-455,-449,-434,-474,-491,1923,1923,1923,1923,1923,1923,1923,1924,1923,1923,1923,1923,1923,1923,1923,1923,1924,1923,1923,1924,1515,1515,1515,1516,1516,1516,1516,1515,1515,1515,1515,1516,1516,1515,1516,1516,1516,1516,1516,1516,1575,1575,1575,1575,1575,1575,1575,1575,1575,1575,1575,1575,1575,1575,1575,1575,1575,1575,1575,1575,1610,1609,1610,1609,1609,1610,1609,1610,1610,1610,1609,1610,1610,1610,1610,1610,1610,1610,1610,1610,1616,1615,1616,1616,1615,1616,1616,1616,1616,1617,1616,1616,1616,1615,1617,1616,1616,1616,1616,1617,
-1780,-1828,-1816,-1828,-1860,-1936,-1824,-1848,-1852,-1820,-1860,-1864,-1808,-1872,-1896,-1836,-1748,-1840,-1940,-1828,-5140,-5188,-5212,-4988,-5172,-5308,-5196,-5160,-5188,-5212,-5096,-5156,-5196,-5244,-5212,-5296,-5176,-5156,-5144,-5068,14076,13904,14116,13956,14072,13964,14036,14048,13968,14028,14100,14104,13888,14004,13824,13976,14084,13984,14228,14084,-195,-311,-277,-282,-272,-291,-241,-238,-230,-270,-254,-283,-272,-230,-212,-276,-266,-237,-236,-243,38,49,64,69,65,94,96,98,30,87,100,45,51,59,74,65,47,88,53,8,-497,-474,-472,-452,-431,-439,-475,-478,-474,-470,-499,-449,-472,-493,-503,-456,-461,-456,-486,-454,1923,1924,1923,1923,1923,1923,1923,1924,1923,1924,1923,1923,1923,1923,1923,1923,1923,1924,1924,1923,1515,1516,1516,1516,1516,1516,1516,1516,1516,1516,1516,1516,1516,1515,1516,1516,1516,1516,1516,1516,1575,1575,1575,1575,1574,1575,1574,1574,1575,1574,1575,1575,1574,1574,1575,1575,1574,1575,1575,1574,1610,1610,1610,1610,1610,1610,1610,1610,1610,1610,1609,1609,1609,1610,1610,1610,1610,1610,1610,1610,1615,1615,1616,1615,1615,1616,1615,1615,1615,1615,1616,1616,1615,1616,1616,1615,1615,1616,1615,1615,
-1776,-1872,-1836,-1660,-1984,-1828,-1568,-1936,-1732,-1616,-1900,-1752,-1824,-1812,-1820,-1776,-1832,-1564,-1612,-1620,-5224,-5292,-5276,-5164,-5228,-5100,-5212,-5292,-5008,-5360,-5364,-5248,-5376,-3560,-4920,-5156,-5032,-5300,-5176,-4912,14084,13940,14168,14028,14088,14008,14088,13872,14116,13964,13812,14032,13980,13452,14220,14080,14000,13940,14124,14196,-384,-322,-179,-460,-238,-111,-458,-200,-139,-193,-211,-230,-330,-502,7,-392,-261,-90,-344,-325,156,2,77,43,188,-18,90,52,73,47,61,75,2,93,-56,90,51,-120,90,77,-412,-412,-499,-356,-505,-482,-347,-492,-503,-477,-477,-438,-372,-408,-537,-322,-485,-473,-292,-107,1923,1924,1924,1923,1924,1923,1924,1924,1923,1923,1923,1924,1923,1923,1924,1924,1924,1924,1923,1923,1516,1516,1516,1516,1516,1516,1516,1516,1516,1516,1516,1515,1515,1515,1516,1516,1515,1516,1516,1515,1573,1573,1573,1574,1574,1573,1574,1574,1574,1574,1573,1574,1574,1573,1573,1573,1573,1574,1574,1573,1609,1610,1610,1610,1610,1610,1609,1610,1610,1610,1610,1610,1610,1610,1610,1610,1610,1610,1610,1610,1615,1615,1615,1615,1615,1615,1615,1615,1615,1615,1615,1615,1615,1615,1615,1615,1615,1615,1615,1615,
